date,ticker,open,high,low,close,volume
1/1/2018,MSFT,86.13,86.31,85.5,85.95,22483797
1/2/2018,MSFT,86.13,86.31,85.5,85.95,22483797
1/3/2018,MSFT,86.13,86.31,85.5,85.95,22483797
1/4/2018,MSFT,86.06,86.51,85.97,86.35,26061439
1/5/2018,MSFT,86.59,87.66,86.57,87.11,21911974
1/6/2018,MSFT,87.66,88.41,87.43,88.19,23407110
1/7/2018,MSFT,87.66,88.41,87.43,88.19,23407110
1/8/2018,MSFT,87.66,88.41,87.43,88.19,23407110
1/9/2018,MSFT,88.2,88.58,87.6,88.28,22113049
1/10/2018,MSFT,88.65,88.73,87.86,88.22,19484317
1/11/2018,MSFT,87.86,88.19,87.41,87.82,18652201
1/12/2018,MSFT,88.13,88.13,87.24,88.08,17808877
1/13/2018,MSFT,88.67,89.78,88.45,89.6,24271531
1/14/2018,MSFT,88.67,89.78,88.45,89.6,24271531
1/15/2018,MSFT,88.67,89.78,88.45,89.6,24271531
1/16/2018,MSFT,88.67,89.78,88.45,89.6,24271531
1/17/2018,MSFT,90.1,90.79,88.01,88.35,36599736
1/18/2018,MSFT,89.08,90.28,88.75,90.14,25621164
1/19/2018,MSFT,89.8,90.67,89.66,90.1,24159683
1/20/2018,MSFT,90.14,90.61,89.66,90,36875013
1/21/2018,MSFT,90.14,90.61,89.66,90,36875013
1/22/2018,MSFT,90.14,90.61,89.66,90,36875013
1/23/2018,MSFT,90,91.62,89.74,91.61,23601555
1/24/2018,MSFT,91.9,92.3,91.54,91.9,23412841
1/25/2018,MSFT,92.55,93.43,91.58,91.82,33277483
1/26/2018,MSFT,92.47,93.24,91.93,92.33,26383238
1/27/2018,MSFT,93.12,94.06,92.58,94.06,29172167
1/28/2018,MSFT,93.12,94.06,92.58,94.06,29172167
1/29/2018,MSFT,93.12,94.06,92.58,94.06,29172167
1/30/2018,MSFT,95.14,95.45,93.72,93.92,31569940
1/31/2018,MSFT,93.3,93.66,92.1,92.74,38635053
2/1/2018,MSFT,93.75,95.4,93.51,95.01,48756338
2/2/2018,MSFT,94.79,96.07,93.58,94.26,47227882
2/3/2018,MSFT,93.64,93.97,91.5,91.78,47867753
2/4/2018,MSFT,93.64,93.97,91.5,91.78,47867753
2/5/2018,MSFT,93.64,93.97,91.5,91.78,47867753
2/6/2018,MSFT,90.56,93.24,88,88,51031465
2/7/2018,MSFT,86.89,91.48,85.25,91.33,67998564
2/8/2018,MSFT,90.49,91.77,89.2,89.61,41107592
2/9/2018,MSFT,89.71,89.88,84.76,85.01,55628657
2/10/2018,MSFT,86.3,88.93,83.83,88.18,63499065
2/11/2018,MSFT,86.3,88.93,83.83,88.18,63499065
2/12/2018,MSFT,86.3,88.93,83.83,88.18,63499065
2/13/2018,MSFT,88.74,89.78,87.93,89.13,35720341
2/14/2018,MSFT,88.93,90,87.8,89.83,26407702
2/15/2018,MSFT,88.51,90.99,88.41,90.81,34960912
2/16/2018,MSFT,91.21,92.72,90.62,92.66,27823866
2/17/2018,MSFT,92.45,93.5,91.8,92,30596919
2/18/2018,MSFT,92.45,93.5,91.8,92,30596919
2/19/2018,MSFT,92.45,93.5,91.8,92,30596919
2/20/2018,MSFT,92.45,93.5,91.8,92,30596919
2/21/2018,MSFT,91.48,93.06,91.01,92.72,30911725
2/22/2018,MSFT,92.98,93.36,91.49,91.49,26922503
2/23/2018,MSFT,92.05,92.73,91.36,91.73,24392753
2/24/2018,MSFT,92.75,94.07,92.36,94.06,26329226
2/25/2018,MSFT,92.75,94.07,92.36,94.06,26329226
2/26/2018,MSFT,92.75,94.07,92.36,94.06,26329226
2/27/2018,MSFT,94.4,95.45,94.25,95.42,30199846
2/28/2018,MSFT,95.74,95.84,94.2,94.2,25869119
3/1/2018,MSFT,94.84,95.71,93.63,93.77,31167338
3/2/2018,MSFT,93.99,94.57,91.84,92.85,37135561
3/3/2018,MSFT,91.58,93.15,90.86,93.05,32830389
3/4/2018,MSFT,91.58,93.15,90.86,93.05,32830389
3/5/2018,MSFT,91.58,93.15,90.86,93.05,32830389
3/6/2018,MSFT,92.34,94.27,92.26,93.64,23901578
3/7/2018,MSFT,94.34,94.49,92.94,93.32,22175776
3/8/2018,MSFT,93.16,93.94,92.43,93.86,26716127
3/9/2018,MSFT,94.27,95.1,93.77,94.43,25887828
3/10/2018,MSFT,95.29,96.54,95,96.54,36937254
3/11/2018,MSFT,95.29,96.54,95,96.54,36937254
3/12/2018,MSFT,95.29,96.54,95,96.54,36937254
3/13/2018,MSFT,96.5,97.21,96.04,96.77,26073742
3/14/2018,MSFT,97,97.24,93.97,94.41,35387817
3/15/2018,MSFT,95.12,95.41,93.5,93.85,32131981
3/16/2018,MSFT,93.53,94.58,92.83,94.18,27610998
3/17/2018,MSFT,94.68,95.38,93.92,94.6,49081279
3/18/2018,MSFT,94.68,95.38,93.92,94.6,49081279
3/19/2018,MSFT,94.68,95.38,93.92,94.6,49081279
3/20/2018,MSFT,93.74,93.9,92.11,92.89,33344085
3/21/2018,MSFT,93.05,93.77,93,93.13,23075240
3/22/2018,MSFT,92.93,94.05,92.21,92.48,24457082
3/23/2018,MSFT,91.27,91.75,89.66,89.79,38604715
3/24/2018,MSFT,89.5,90.46,87.08,87.18,44068949
3/25/2018,MSFT,89.5,90.46,87.08,87.18,44068949
3/26/2018,MSFT,89.5,90.46,87.08,87.18,44068949
3/27/2018,MSFT,90.61,94,90.4,93.78,56396780
3/28/2018,MSFT,94.94,95.14,88.51,89.47,56569011
3/29/2018,MSFT,89.82,91.23,88.87,89.39,52501146
3/30/2018,MSFT,90.18,92.29,88.4,91.27,45867548
3/31/2018,MSFT,90.18,92.29,88.4,91.27,45867548
4/1/2018,MSFT,90.18,92.29,88.4,91.27,45867548
4/2/2018,MSFT,90.18,92.29,88.4,91.27,45867548
4/3/2018,MSFT,90.47,90.88,87.51,88.52,48515417
4/4/2018,MSFT,89.58,90.05,87.89,89.71,37213837
4/5/2018,MSFT,87.85,92.76,87.73,92.33,35559956
4/6/2018,MSFT,92.44,93.07,91.4,92.38,29771881
4/7/2018,MSFT,91.49,92.46,89.48,90.23,38026000
4/8/2018,MSFT,91.49,92.46,89.48,90.23,38026000
4/9/2018,MSFT,91.49,92.46,89.48,90.23,38026000
4/10/2018,MSFT,91.04,93.17,90.62,90.77,31533943
4/11/2018,MSFT,92.39,93.28,91.64,92.88,26939883
4/12/2018,MSFT,92.01,93.29,91.48,91.86,24872110
4/13/2018,MSFT,92.43,94.16,92.43,93.58,26758879
4/14/2018,MSFT,94.05,94.18,92.44,93.08,23346063
4/15/2018,MSFT,94.05,94.18,92.44,93.08,23346063
4/16/2018,MSFT,94.05,94.18,92.44,93.08,23346063
4/17/2018,MSFT,94.07,94.66,93.42,94.17,20288083
4/18/2018,MSFT,95,96.54,94.88,96.07,26771000
4/19/2018,MSFT,96.22,96.72,95.52,96.44,21043287
4/20/2018,MSFT,96.44,97.07,95.34,96.11,23552541
4/21/2018,MSFT,95.91,96.11,94.05,95,31154377
4/22/2018,MSFT,95.91,96.11,94.05,95,31154377
4/23/2018,MSFT,95.91,96.11,94.05,95,31154377
4/24/2018,MSFT,95.74,96.29,94.63,95.35,22331829
4/25/2018,MSFT,96.24,96.47,92.41,93.12,34524799
4/26/2018,MSFT,93.3,93.3,90.28,92.31,33729257
4/27/2018,MSFT,93.55,95.15,93.1,94.26,42529043
4/28/2018,MSFT,97.6,97.9,93.91,95.82,48272780
4/29/2018,MSFT,97.6,97.9,93.91,95.82,48272780
4/30/2018,MSFT,97.6,97.9,93.91,95.82,48272780
5/1/2018,MSFT,96.33,96.4,93.15,93.52,41523605
5/2/2018,MSFT,93.21,95.29,92.79,95,31408927
5/3/2018,MSFT,94.99,95.17,93.19,93.51,27471002
5/4/2018,MSFT,92.96,94.93,92.45,94.07,31142497
5/5/2018,MSFT,93.32,95.37,92.92,95.16,22531325
5/6/2018,MSFT,93.32,95.37,92.92,95.16,22531325
5/7/2018,MSFT,93.32,95.37,92.92,95.16,22531325
5/8/2018,MSFT,95.17,96.71,95.1,96.22,24242019
5/9/2018,MSFT,95.85,96.16,95.06,95.81,23484589
5/10/2018,MSFT,96.01,96.97,95.05,96.94,27327410
5/11/2018,MSFT,97.46,97.95,97.05,97.91,22388119
5/12/2018,MSFT,97.8,97.87,97.04,97.7,16778316
5/13/2018,MSFT,97.8,97.87,97.04,97.7,16778316
5/14/2018,MSFT,97.8,97.87,97.04,97.7,16778316
5/15/2018,MSFT,97.92,98.69,97.31,98.03,19454124
5/16/2018,MSFT,97.24,97.85,96.34,97.32,24594010
5/17/2018,MSFT,97.36,97.4,96.62,97.15,17384742
5/18/2018,MSFT,96.76,97.54,95.83,96.18,17246716
5/19/2018,MSFT,96.01,96.93,96.01,96.36,17865840
5/20/2018,MSFT,96.01,96.93,96.01,96.36,17865840
5/21/2018,MSFT,96.01,96.93,96.01,96.36,17865840
5/22/2018,MSFT,97,98.01,96.8,97.6,19422467
5/23/2018,MSFT,97.68,98.17,97.2,97.5,15441189
5/24/2018,MSFT,96.71,98.73,96.32,98.66,21251222
5/25/2018,MSFT,98.73,98.94,96.81,98.31,26649287
5/26/2018,MSFT,98.3,98.98,97.86,98.36,18363918
5/27/2018,MSFT,98.3,98.98,97.86,98.36,18363918
5/28/2018,MSFT,98.3,98.98,97.86,98.36,18363918
5/29/2018,MSFT,98.3,98.98,97.86,98.36,18363918
5/30/2018,MSFT,97.84,98.88,97.23,98.01,28670981
5/31/2018,MSFT,98.31,99.25,97.91,98.95,22158528
6/1/2018,MSFT,99.29,99.99,98.61,98.84,34140891
6/2/2018,MSFT,99.28,100.86,99.17,100.79,28655624
6/3/2018,MSFT,99.28,100.86,99.17,100.79,28655624
6/4/2018,MSFT,99.28,100.86,99.17,100.79,28655624
6/5/2018,MSFT,101.26,101.86,100.85,101.67,27281623
6/6/2018,MSFT,102,102.33,101.53,102.19,23514402
6/7/2018,MSFT,102.48,102.6,101.9,102.49,21122917
6/8/2018,MSFT,102.65,102.69,100.38,100.88,28232197
6/9/2018,MSFT,101.09,101.95,100.54,101.63,22165128
6/10/2018,MSFT,101.09,101.95,100.54,101.63,22165128
6/11/2018,MSFT,101.09,101.95,100.54,101.63,22165128
6/12/2018,MSFT,101.37,101.59,100.67,101.05,23490894
6/13/2018,MSFT,101.1,101.45,100.75,101.31,18325228
6/14/2018,MSFT,101.72,102.01,100.56,100.85,29492875
6/15/2018,MSFT,101.65,102.03,101,101.42,25691811
6/16/2018,MSFT,101.51,101.53,100.07,100.13,65738585
6/17/2018,MSFT,101.51,101.53,100.07,100.13,65738585
6/18/2018,MSFT,101.51,101.53,100.07,100.13,65738585
6/19/2018,MSFT,100.01,101.11,99.42,100.86,23586037
6/20/2018,MSFT,99.65,101,99.5,100.86,28653087
6/21/2018,MSFT,101.37,102.52,101.12,101.87,26180792
6/22/2018,MSFT,102.08,102.46,100.88,101.14,23198188
6/23/2018,MSFT,100.41,100.77,99.63,100.41,38923105
6/24/2018,MSFT,100.41,100.77,99.63,100.41,38923105
6/25/2018,MSFT,100.41,100.77,99.63,100.41,38923105
6/26/2018,MSFT,100,100.11,97.3,98.39,35433333
6/27/2018,MSFT,98.82,100.08,98.75,99.08,26897244
6/28/2018,MSFT,99.58,100.02,97.4,97.54,31298386
6/29/2018,MSFT,97.38,99.11,97.26,98.63,26650671
6/30/2018,MSFT,98.93,99.91,98.33,98.61,28053214
7/1/2018,MSFT,98.93,99.91,98.33,98.61,28053214
7/2/2018,MSFT,98.93,99.91,98.33,98.61,28053214
7/3/2018,MSFT,98.1,100.06,98,100.01,19564521
7/4/2018,MSFT,100.48,100.63,98.94,99.05,14670275
7/5/2018,MSFT,100.48,100.63,98.94,99.05,14670275
7/6/2018,MSFT,99.5,99.92,99.03,99.76,18977402
7/7/2018,MSFT,99.89,101.43,99.67,101.16,19234627
7/8/2018,MSFT,99.89,101.43,99.67,101.16,19234627
7/9/2018,MSFT,99.89,101.43,99.67,101.16,19234627
7/10/2018,MSFT,101.65,102.25,101.25,101.85,18211980
7/11/2018,MSFT,102,102.51,101.86,102.12,19293140
7/12/2018,MSFT,101.15,102.34,101.1,101.98,19644648
7/13/2018,MSFT,102.77,104.41,102.73,104.19,24335929
7/14/2018,MSFT,104.37,105.6,104.09,105.43,24653500
7/15/2018,MSFT,104.37,105.6,104.09,105.43,24653500
7/16/2018,MSFT,104.37,105.6,104.09,105.43,24653500
7/17/2018,MSFT,105.4,105.82,104.52,104.91,21786912
7/18/2018,MSFT,104.61,106.5,104.32,105.95,25901726
7/19/2018,MSFT,105.94,106.05,104.72,105.12,29493927
7/20/2018,MSFT,104.93,105.31,103.89,104.4,40171646
7/21/2018,MSFT,108.08,108.2,106.08,106.27,56038827
7/22/2018,MSFT,108.08,108.2,106.08,106.27,56038827
7/23/2018,MSFT,108.08,108.2,106.08,106.27,56038827
7/24/2018,MSFT,106.3,108.14,106.13,107.97,29706955
7/25/2018,MSFT,108.57,108.82,107.26,107.66,26316619
7/26/2018,MSFT,107.96,111.15,107.6,110.83,30798058
7/27/2018,MSFT,110.74,111,109.5,109.62,31372110
7/28/2018,MSFT,110.18,110.18,106.14,107.68,37005292
7/29/2018,MSFT,110.18,110.18,106.14,107.68,37005292
7/30/2018,MSFT,110.18,110.18,106.14,107.68,37005292
7/31/2018,MSFT,107.19,107.53,104.76,105.37,34668327
8/1/2018,MSFT,106.49,106.72,105.38,106.08,27655152
8/2/2018,MSFT,106.03,106.45,105.42,106.28,23628699
8/3/2018,MSFT,105.4,108.09,104.84,107.57,26104258
8/4/2018,MSFT,107.8,108.05,106.82,108.04,18659599
8/5/2018,MSFT,107.8,108.05,106.82,108.04,18659599
8/6/2018,MSFT,107.8,108.05,106.82,108.04,18659599
8/7/2018,MSFT,108.12,108.42,107.56,108.13,20265947
8/8/2018,MSFT,108.56,109.1,108.17,108.88,16080214
8/9/2018,MSFT,109.33,109.75,108.76,109.49,15487502
8/10/2018,MSFT,109.71,110.16,109.6,109.67,13677211
8/11/2018,MSFT,109.42,109.69,108.38,109,18183724
8/12/2018,MSFT,109.42,109.69,108.38,109,18183724
8/13/2018,MSFT,109.42,109.69,108.38,109,18183724
8/14/2018,MSFT,109.24,109.58,108.1,108.21,18474884
8/15/2018,MSFT,108.56,109.75,108.04,109.56,16788314
8/16/2018,MSFT,108.49,108.99,106.82,107.66,29982806
8/17/2018,MSFT,108.3,108.86,107.3,107.64,21384289
8/18/2018,MSFT,107.36,107.9,106.69,107.58,18061512
8/19/2018,MSFT,107.36,107.9,106.69,107.58,18061512
8/20/2018,MSFT,107.36,107.9,106.69,107.58,18061512
8/21/2018,MSFT,107.51,107.9,106.48,106.87,17914201
8/22/2018,MSFT,106.92,107.35,105.85,105.98,22881861
8/23/2018,MSFT,105.85,107.34,105.78,107.06,18000639
8/24/2018,MSFT,107.15,108.18,106.87,107.56,18167723
8/25/2018,MSFT,107.67,108.56,107.56,108.4,17234020
8/26/2018,MSFT,107.67,108.56,107.56,108.4,17234020
8/27/2018,MSFT,107.67,108.56,107.56,108.4,17234020
8/28/2018,MSFT,109.27,109.64,108.51,109.6,19662331
8/29/2018,MSFT,109.94,110.5,109.79,110.26,19151528
8/30/2018,MSFT,110.45,112.03,110.27,112.02,20818044
8/31/2018,MSFT,111.67,112.61,111.44,111.95,22798702
9/1/2018,MSFT,111.69,112.78,111.52,112.33,23222713
9/2/2018,MSFT,111.69,112.78,111.52,112.33,23222713
9/3/2018,MSFT,111.69,112.78,111.52,112.33,23222713
9/4/2018,MSFT,111.69,112.78,111.52,112.33,23222713
9/5/2018,MSFT,110.85,111.96,110.22,111.71,22634641
9/6/2018,MSFT,111.01,111.42,108.1,108.49,32872352
9/7/2018,MSFT,108.25,108.99,107.51,108.74,23477624
9/8/2018,MSFT,108.23,108.72,107.23,108.21,22498646
9/9/2018,MSFT,108.23,108.72,107.23,108.21,22498646
9/10/2018,MSFT,108.23,108.72,107.23,108.21,22498646
9/11/2018,MSFT,108.84,109.64,108.36,109.38,20727906
9/12/2018,MSFT,108.9,111.59,108.89,111.24,24301774
9/13/2018,MSFT,111.43,111.85,110.51,111.71,18891064
9/14/2018,MSFT,112.12,113.73,112.12,112.91,26055620
9/15/2018,MSFT,113.36,113.73,112.44,113.37,19122349
9/16/2018,MSFT,113.36,113.73,112.44,113.37,19122349
9/17/2018,MSFT,113.36,113.73,112.44,113.37,19122349
9/18/2018,MSFT,113.69,113.7,111.86,112.14,20736516
9/19/2018,MSFT,112.19,113.7,111.72,113.21,22170934
9/20/2018,MSFT,113.05,113.32,111.04,111.7,21728429
9/21/2018,MSFT,112.28,113.8,111.93,113.57,23714512
9/22/2018,MSFT,114,115.29,113.51,114.26,71229698
9/23/2018,MSFT,114,115.29,113.51,114.26,71229698
9/24/2018,MSFT,114,115.29,113.51,114.26,71229698
9/25/2018,MSFT,113.03,114.9,112.22,114.67,27334460
9/26/2018,MSFT,114.8,115.1,113.75,114.45,22668014
9/27/2018,MSFT,114.47,115.06,113.74,113.98,19352025
9/28/2018,MSFT,114.78,114.91,114.2,114.41,19091299
9/29/2018,MSFT,114.19,114.57,113.68,114.37,21647811
9/30/2018,MSFT,114.19,114.57,113.68,114.37,21647811
10/1/2018,MSFT,114.19,114.57,113.68,114.37,21647811
10/2/2018,MSFT,114.75,115.68,114.73,115.61,18883079
10/3/2018,MSFT,115.3,115.84,114.44,115.15,20787239
10/4/2018,MSFT,115.42,116.18,114.93,115.17,16648018
10/5/2018,MSFT,114.61,114.76,111.63,112.79,34821717
10/6/2018,MSFT,112.63,113.17,110.64,112.13,29068859
10/7/2018,MSFT,112.63,113.17,110.64,112.13,29068859
10/8/2018,MSFT,112.63,113.17,110.64,112.13,29068859
10/9/2018,MSFT,111.66,112.03,109.34,110.85,29640588
10/10/2018,MSFT,111.14,113.08,110.8,112.26,26198594
10/11/2018,MSFT,111.24,111.5,105.79,106.16,61376315
10/12/2018,MSFT,105.35,108.93,104.2,105.91,63904282
10/13/2018,MSFT,109.01,111.24,107.12,109.57,47742109
10/14/2018,MSFT,109.01,111.24,107.12,109.57,47742109
10/15/2018,MSFT,109.01,111.24,107.12,109.57,47742109
10/16/2018,MSFT,108.91,109.48,106.95,107.6,32068103
10/17/2018,MSFT,109.54,111.41,108.95,111,31610164
10/18/2018,MSFT,111.68,111.81,109.55,110.71,26548243
10/19/2018,MSFT,110.1,110.53,107.83,108.5,32506192
10/20/2018,MSFT,108.93,110.86,108.21,108.66,32785475
10/21/2018,MSFT,108.93,110.86,108.21,108.66,32785475
10/22/2018,MSFT,108.93,110.86,108.21,108.66,32785475
10/23/2018,MSFT,109.32,110.54,108.24,109.63,26545607
10/24/2018,MSFT,107.77,108.97,105.11,108.1,43770429
10/25/2018,MSFT,108.41,108.49,101.59,102.32,63897759
10/26/2018,MSFT,106.55,109.27,106.15,108.3,61646819
10/27/2018,MSFT,105.69,108.75,104.76,106.96,55523104
10/28/2018,MSFT,105.69,108.75,104.76,106.96,55523104
10/29/2018,MSFT,105.69,108.75,104.76,106.96,55523104
10/30/2018,MSFT,108.11,108.7,101.63,103.85,55162001
10/31/2018,MSFT,103.66,104.38,100.11,103.73,65350878
11/1/2018,MSFT,105.44,108.14,105.39,106.81,51062383
11/2/2018,MSFT,107.05,107.32,105.53,105.92,33384201
11/3/2018,MSFT,106.48,107.32,104.98,106.16,37680194
11/4/2018,MSFT,106.48,107.32,104.98,106.16,37680194
11/5/2018,MSFT,106.48,107.32,104.98,106.16,37680194
11/6/2018,MSFT,106.37,107.74,105.9,107.51,27922144
11/7/2018,MSFT,107.38,108.84,106.28,107.72,24340248
11/8/2018,MSFT,109.44,112.24,109.4,111.96,37901704
11/9/2018,MSFT,111.8,112.21,110.91,111.75,25644105
11/10/2018,MSFT,110.85,111.45,108.76,109.57,32039223
11/11/2018,MSFT,110.85,111.45,108.76,109.57,32039223
11/12/2018,MSFT,110.85,111.45,108.76,109.57,32039223
11/13/2018,MSFT,109.42,109.96,106.1,106.87,33621807
11/14/2018,MSFT,107.55,108.74,106.64,106.94,35374583
11/15/2018,MSFT,108.1,108.26,104.47,104.97,39495141
11/16/2018,MSFT,104.99,107.8,103.91,107.28,38505165
11/17/2018,MSFT,107.08,108.88,106.8,108.29,33502121
11/18/2018,MSFT,107.08,108.88,106.8,108.29,33502121
11/19/2018,MSFT,107.08,108.88,106.8,108.29,33502121
11/20/2018,MSFT,108.27,108.56,103.55,104.62,44773899
11/21/2018,MSFT,101.8,102.97,99.35,101.71,64052457
11/22/2018,MSFT,103.6,104.43,102.24,103.11,28130621
11/23/2018,MSFT,103.6,104.43,102.24,103.11,28130621
11/24/2018,MSFT,102.17,103.81,102,103.07,13823099
11/25/2018,MSFT,102.17,103.81,102,103.07,13823099
11/26/2018,MSFT,102.17,103.81,102,103.07,13823099
11/27/2018,MSFT,104.79,106.63,104.58,106.47,32336165
11/28/2018,MSFT,106.27,107.33,105.36,107.14,29124486
11/29/2018,MSFT,107.89,111.33,107.86,111.12,46788461
11/30/2018,MSFT,110.33,111.12,109.03,110.19,28123195
12/1/2018,MSFT,110.7,110.97,109.36,110.89,33665624
12/2/2018,MSFT,110.7,110.97,109.36,110.89,33665624
12/3/2018,MSFT,110.7,110.97,109.36,110.89,33665624
12/4/2018,MSFT,113,113.42,110.73,112.09,34732772
12/5/2018,MSFT,111.94,112.64,108.21,108.52,45196984
12/6/2018,MSFT,111.94,112.64,108.21,108.52,45196984
12/7/2018,MSFT,105.82,109.24,105,109.19,49107431
12/8/2018,MSFT,108.38,109.45,104.3,104.82,45044937
12/9/2018,MSFT,108.38,109.45,104.3,104.82,45044937
12/10/2018,MSFT,108.38,109.45,104.3,104.82,45044937
12/11/2018,MSFT,104.8,107.98,103.89,107.59,40801525
12/12/2018,MSFT,109.8,110.95,107.44,108.59,42381947
12/13/2018,MSFT,110.89,111.27,109.04,109.08,36183020
12/14/2018,MSFT,109.58,110.87,108.63,109.45,31333362
12/15/2018,MSFT,108.25,109.26,105.5,106.03,47043136
12/16/2018,MSFT,108.25,109.26,105.5,106.03,47043136
12/17/2018,MSFT,108.25,109.26,105.5,106.03,47043136
12/18/2018,MSFT,105.41,105.8,101.71,102.89,56957314
12/19/2018,MSFT,103.75,104.51,102.52,103.97,49319196
12/20/2018,MSFT,103.65,106.88,101.35,103.69,68198186
12/21/2018,MSFT,103.05,104.31,98.78,101.51,70334184
12/22/2018,MSFT,101.63,103,97.46,98.23,111242070
12/23/2018,MSFT,101.63,103,97.46,98.23,111242070
12/24/2018,MSFT,101.63,103,97.46,98.23,111242070
12/25/2018,MSFT,97.68,97.97,93.98,94.13,43935192
12/26/2018,MSFT,97.68,97.97,93.98,94.13,43935192
12/27/2018,MSFT,95.14,100.69,93.96,100.56,51634793
12/28/2018,MSFT,99.3,101.19,96.4,101.18,49498509
12/29/2018,MSFT,102.09,102.41,99.52,100.39,38169312
12/30/2018,MSFT,102.09,102.41,99.52,100.39,38169312
12/31/2018,MSFT,102.09,102.41,99.52,100.39,38169312
1/1/2019,MSFT,101.29,102.4,100.44,101.57,33173765
1/2/2019,MSFT,101.29,102.4,100.44,101.57,33173765
1/3/2019,MSFT,99.55,101.75,98.94,101.12,35329345
1/4/2019,MSFT,100.1,100.19,97.2,97.4,42578410
1/5/2019,MSFT,99.72,102.51,98.93,101.93,44060620
1/6/2019,MSFT,99.72,102.51,98.93,101.93,44060620
1/7/2019,MSFT,99.72,102.51,98.93,101.93,44060620
1/8/2019,MSFT,101.64,103.27,100.98,102.06,35656136
1/9/2019,MSFT,103.04,103.97,101.71,102.8,31514415
1/10/2019,MSFT,103.86,104.88,103.24,104.27,32280840
1/11/2019,MSFT,103.22,103.75,102.38,103.6,30067556
1/12/2019,MSFT,103.19,103.44,101.64,102.8,28314202
1/13/2019,MSFT,103.19,103.44,101.64,102.8,28314202
1/14/2019,MSFT,103.19,103.44,101.64,102.8,28314202
1/15/2019,MSFT,101.9,102.87,101.26,102.05,28437079
1/16/2019,MSFT,102.51,105.05,101.88,105.01,31587616
1/17/2019,MSFT,105.26,106.26,104.96,105.38,29853865
1/18/2019,MSFT,105,106.63,104.76,106.12,28393015
1/19/2019,MSFT,107.46,107.9,105.91,107.71,37427587
1/20/2019,MSFT,107.46,107.9,105.91,107.71,37427587
1/21/2019,MSFT,107.46,107.9,105.91,107.71,37427587
1/22/2019,MSFT,107.46,107.9,105.91,107.71,37427587
1/23/2019,MSFT,106.75,107.1,104.86,105.68,32371253
1/24/2019,MSFT,106.12,107.04,105.34,106.71,25874294
1/25/2019,MSFT,106.86,107,105.34,106.2,23164838
1/26/2019,MSFT,107.24,107.88,106.59,107.17,31218193
1/27/2019,MSFT,107.24,107.88,106.59,107.17,31218193
1/28/2019,MSFT,107.24,107.88,106.59,107.17,31218193
1/29/2019,MSFT,106.26,106.48,104.66,105.08,29476719
1/30/2019,MSFT,104.88,104.97,102.17,102.94,31490547
1/31/2019,MSFT,104.62,106.38,104.33,106.38,49471866
2/1/2019,MSFT,103.8,105.22,103.18,104.43,55636391
2/2/2019,MSFT,103.78,104.1,102.35,102.78,35535690
2/3/2019,MSFT,103.78,104.1,102.35,102.78,35535690
2/4/2019,MSFT,103.78,104.1,102.35,102.78,35535690
2/5/2019,MSFT,102.87,105.8,102.77,105.74,31315282
2/6/2019,MSFT,106.06,107.27,105.96,107.22,27325365
2/7/2019,MSFT,107,107,105.53,106.03,20609759
2/8/2019,MSFT,105.19,105.59,104.29,105.27,29760697
2/9/2019,MSFT,104.39,105.78,104.26,105.67,21461093
2/10/2019,MSFT,104.39,105.78,104.26,105.67,21461093
2/11/2019,MSFT,104.39,105.78,104.26,105.67,21461093
2/12/2019,MSFT,106.2,106.58,104.97,105.25,18914123
2/13/2019,MSFT,106.14,107.14,105.48,106.89,25056595
2/14/2019,MSFT,107.5,107.78,106.71,106.81,18394869
2/15/2019,MSFT,106.31,107.29,105.66,106.9,21784703
2/16/2019,MSFT,107.91,108.3,107.36,108.22,26606886
2/17/2019,MSFT,107.91,108.3,107.36,108.22,26606886
2/18/2019,MSFT,107.91,108.3,107.36,108.22,26606886
2/19/2019,MSFT,107.91,108.3,107.36,108.22,26606886
2/20/2019,MSFT,107.79,108.66,107.78,108.17,18038460
2/21/2019,MSFT,107.86,107.94,106.29,107.15,21607671
2/22/2019,MSFT,106.9,109.48,106.87,109.41,29063231
2/23/2019,MSFT,110.05,111.2,109.82,110.97,27763218
2/24/2019,MSFT,110.05,111.2,109.82,110.97,27763218
2/25/2019,MSFT,110.05,111.2,109.82,110.97,27763218
2/26/2019,MSFT,111.76,112.18,111.26,111.59,23750599
2/27/2019,MSFT,111.26,113.24,111.17,112.36,21536733
2/28/2019,MSFT,111.69,112.36,110.88,112.17,21487062
3/1/2019,MSFT,112.04,112.88,111.73,112.03,29083934
3/2/2019,MSFT,112.89,113.02,111.67,112.53,23501169
3/3/2019,MSFT,112.89,113.02,111.67,112.53,23501169
3/4/2019,MSFT,112.89,113.02,111.67,112.53,23501169
3/5/2019,MSFT,113.02,113.25,110.8,112.26,26608014
3/6/2019,MSFT,112.25,112.39,111.23,111.7,19538318
3/7/2019,MSFT,111.87,112.66,111.43,111.75,17686996
3/8/2019,MSFT,111.4,111.55,109.87,110.39,25338954
3/9/2019,MSFT,109.16,110.71,108.8,110.51,22818430
3/10/2019,MSFT,109.16,110.71,108.8,110.51,22818430
3/11/2019,MSFT,109.16,110.71,108.8,110.51,22818430
3/12/2019,MSFT,110.99,112.95,110.98,112.83,26491618
3/13/2019,MSFT,112.82,113.99,112.65,113.62,26132717
3/14/2019,MSFT,114.13,115,113.78,114.5,35513771
3/15/2019,MSFT,114.54,115.2,114.33,114.59,30763367
3/16/2019,MSFT,115.34,117.25,114.59,115.91,54630661
3/17/2019,MSFT,115.34,117.25,114.59,115.91,54630661
3/18/2019,MSFT,115.34,117.25,114.59,115.91,54630661
3/19/2019,MSFT,116.17,117.61,116.05,117.57,31207596
3/20/2019,MSFT,118.09,118.44,116.99,117.65,37588697
3/21/2019,MSFT,117.39,118.75,116.71,117.52,28113343
3/22/2019,MSFT,117.14,120.82,117.09,120.22,29854446
3/23/2019,MSFT,119.5,119.59,117.04,117.05,33624528
3/24/2019,MSFT,119.5,119.59,117.04,117.05,33624528
3/25/2019,MSFT,119.5,119.59,117.04,117.05,33624528
3/26/2019,MSFT,116.56,118.01,116.32,117.66,27067117
3/27/2019,MSFT,118.62,118.71,116.85,117.91,26097665
3/28/2019,MSFT,117.88,118.21,115.52,116.77,22733427
3/29/2019,MSFT,117.44,117.58,116.13,116.93,18334755
3/30/2019,MSFT,118.07,118.32,116.96,117.94,25399752
3/31/2019,MSFT,118.07,118.32,116.96,117.94,25399752
4/1/2019,MSFT,118.07,118.32,116.96,117.94,25399752
4/2/2019,MSFT,118.95,119.11,118.1,119.02,22789103
4/3/2019,MSFT,119.06,119.48,118.52,119.19,18142297
4/4/2019,MSFT,119.86,120.43,119.15,119.97,22860744
4/5/2019,MSFT,120.1,120.23,118.38,119.36,20112848
4/6/2019,MSFT,119.39,120.23,119.37,119.89,15826245
4/7/2019,MSFT,119.39,120.23,119.37,119.89,15826245
4/8/2019,MSFT,119.39,120.23,119.37,119.89,15826245
4/9/2019,MSFT,119.81,120.02,118.64,119.93,15116186
4/10/2019,MSFT,118.63,119.54,118.58,119.28,17611981
4/11/2019,MSFT,119.76,120.35,119.54,120.19,16477169
4/12/2019,MSFT,120.54,120.85,119.92,120.33,14209121
4/13/2019,MSFT,120.64,120.98,120.37,120.95,19745143
4/14/2019,MSFT,120.64,120.98,120.37,120.95,19745143
4/15/2019,MSFT,120.64,120.98,120.37,120.95,19745143
4/16/2019,MSFT,120.94,121.58,120.57,121.05,15792572
4/17/2019,MSFT,121.64,121.65,120.1,120.77,14071787
4/18/2019,MSFT,121.24,121.85,120.54,121.77,19300938
4/19/2019,MSFT,122.19,123.52,121.3,123.37,27990998
4/20/2019,MSFT,122.19,123.52,121.3,123.37,27990998
4/21/2019,MSFT,122.19,123.52,121.3,123.37,27990998
4/22/2019,MSFT,122.19,123.52,121.3,123.37,27990998
4/23/2019,MSFT,122.62,124,122.57,123.76,15648724
4/24/2019,MSFT,124.1,125.58,123.83,125.44,24025521
4/25/2019,MSFT,125.79,125.85,124.52,125.01,31256980
4/26/2019,MSFT,130.06,131.37,128.83,129.15,38033892
4/27/2019,MSFT,129.7,130.52,129.02,129.89,23654933
4/28/2019,MSFT,129.7,130.52,129.02,129.89,23654933
4/29/2019,MSFT,129.7,130.52,129.02,129.89,23654933
4/30/2019,MSFT,129.9,130.18,129.35,129.77,16324183
5/1/2019,MSFT,129.81,130.7,129.39,130.6,24166503
5/2/2019,MSFT,130.53,130.65,127.7,127.88,26821692
5/3/2019,MSFT,127.98,128,125.52,126.21,27350161
5/4/2019,MSFT,127.36,129.43,127.25,128.9,24911126
5/5/2019,MSFT,127.36,129.43,127.25,128.9,24911126
5/6/2019,MSFT,127.36,129.43,127.25,128.9,24911126
5/7/2019,MSFT,126.39,128.56,126.11,128.15,24239464
5/8/2019,MSFT,126.46,127.18,124.22,125.52,36017661
5/9/2019,MSFT,125.44,126.37,124.75,125.51,28418996
5/10/2019,MSFT,124.29,125.79,123.57,125.5,27235835
5/11/2019,MSFT,124.91,127.93,123.82,127.13,30915084
5/12/2019,MSFT,124.91,127.93,123.82,127.13,30915084
5/13/2019,MSFT,124.91,127.93,123.82,127.13,30915084
5/14/2019,MSFT,124.11,125.55,123.04,123.35,33944923
5/15/2019,MSFT,123.87,125.88,123.7,124.73,25266315
5/16/2019,MSFT,124.26,126.71,123.7,126.02,24722708
5/17/2019,MSFT,126.75,129.38,126.46,128.93,30112216
5/18/2019,MSFT,128.31,130.46,127.92,128.07,25770539
5/19/2019,MSFT,128.31,130.46,127.92,128.07,25770539
5/20/2019,MSFT,128.31,130.46,127.92,128.07,25770539
5/21/2019,MSFT,126.52,127.59,125.76,126.22,23706934
5/22/2019,MSFT,127.43,127.53,126.58,126.9,15293260
5/23/2019,MSFT,126.62,128.24,126.52,127.67,15396485
5/24/2019,MSFT,126.2,126.29,124.74,126.18,23603810
5/25/2019,MSFT,126.91,127.42,125.97,126.24,14123358
5/26/2019,MSFT,126.91,127.42,125.97,126.24,14123358
5/27/2019,MSFT,126.91,127.42,125.97,126.24,14123358
5/28/2019,MSFT,126.91,127.42,125.97,126.24,14123358
5/29/2019,MSFT,126.98,128,126.05,126.16,23128359
5/30/2019,MSFT,125.38,125.39,124.04,124.94,22763140
5/31/2019,MSFT,125.26,125.76,124.78,125.73,16829613
6/1/2019,MSFT,124.23,124.62,123.32,123.68,26646769
6/2/2019,MSFT,124.23,124.62,123.32,123.68,26646769
6/3/2019,MSFT,124.23,124.62,123.32,123.68,26646769
6/4/2019,MSFT,123.85,124.37,119.01,119.84,37983637
6/5/2019,MSFT,121.28,123.28,120.65,123.16,29382642
6/6/2019,MSFT,124.95,125.87,124.21,125.83,24926140
6/7/2019,MSFT,126.44,127.97,125.6,127.82,21458961
6/8/2019,MSFT,129.19,132.25,128.26,131.4,33885588
6/9/2019,MSFT,129.19,132.25,128.26,131.4,33885588
6/10/2019,MSFT,129.19,132.25,128.26,131.4,33885588
6/11/2019,MSFT,132.4,134.08,132,132.6,26477098
6/12/2019,MSFT,133.88,134.24,131.28,132.1,23913731
6/13/2019,MSFT,131.4,131.97,130.71,131.49,17092464
6/14/2019,MSFT,131.98,132.67,131.56,132.32,17200848
6/15/2019,MSFT,132.26,133.79,131.64,132.45,17821703
6/16/2019,MSFT,132.26,133.79,131.64,132.45,17821703
6/17/2019,MSFT,132.26,133.79,131.64,132.45,17821703
6/18/2019,MSFT,132.63,133.73,132.53,132.85,14517785
6/19/2019,MSFT,134.19,135.24,133.57,135.16,25934458
6/20/2019,MSFT,135,135.93,133.81,135.69,23744441
6/21/2019,MSFT,137.45,137.66,135.72,136.95,33042592
6/22/2019,MSFT,136.58,137.73,136.46,136.97,36727892
6/23/2019,MSFT,136.58,137.73,136.46,136.97,36727892
6/24/2019,MSFT,136.58,137.73,136.46,136.97,36727892
6/25/2019,MSFT,137,138.4,137,137.78,20628841
6/26/2019,MSFT,137.25,137.59,132.73,133.43,33327420
6/27/2019,MSFT,134.35,135.74,133.6,133.93,23657745
6/28/2019,MSFT,134.14,134.71,133.51,134.15,16557482
6/29/2019,MSFT,134.57,134.6,133.16,133.96,30042969
6/30/2019,MSFT,134.57,134.6,133.16,133.96,30042969
7/1/2019,MSFT,134.57,134.6,133.16,133.96,30042969
7/2/2019,MSFT,136.63,136.7,134.97,135.68,22654160
7/3/2019,MSFT,136.12,136.59,135.34,136.58,15237843
7/4/2019,MSFT,136.8,137.74,136.29,137.46,13629296
7/5/2019,MSFT,136.8,137.74,136.29,137.46,13629296
7/6/2019,MSFT,135.94,137.33,135.72,137.06,18141140
7/7/2019,MSFT,135.94,137.33,135.72,137.06,18141140
7/8/2019,MSFT,135.94,137.33,135.72,137.06,18141140
7/9/2019,MSFT,136.4,137.1,135.37,136.96,16779748
7/10/2019,MSFT,136,136.97,135.8,136.46,19953097
7/11/2019,MSFT,137.13,138.58,137.02,137.85,24204362
7/12/2019,MSFT,138.2,139.22,137.87,138.4,22327942
7/13/2019,MSFT,138.85,139.13,138.01,138.9,18936832
7/14/2019,MSFT,138.85,139.13,138.01,138.9,18936832
7/15/2019,MSFT,138.85,139.13,138.01,138.9,18936832
7/16/2019,MSFT,139.44,139.54,138.46,138.9,16651457
7/17/2019,MSFT,138.96,139.05,136.52,137.08,22726128
7/18/2019,MSFT,137.7,137.93,136.22,136.27,20210956
7/19/2019,MSFT,135.55,136.62,134.67,136.42,30808707
7/20/2019,MSFT,140.22,140.67,136.45,136.62,48992364
7/21/2019,MSFT,140.22,140.67,136.45,136.62,48992364
7/22/2019,MSFT,140.22,140.67,136.45,136.62,48992364
7/23/2019,MSFT,137.41,139.19,137.33,138.43,25080760
7/24/2019,MSFT,139.76,139.99,138.03,139.29,18034589
7/25/2019,MSFT,138.9,140.74,138.85,140.72,20738275
7/26/2019,MSFT,140.43,140.61,139.32,140.19,18356883
7/27/2019,MSFT,140.37,141.68,140.3,141.34,19037600
7/28/2019,MSFT,140.37,141.68,140.3,141.34,19037600
7/29/2019,MSFT,140.37,141.68,140.3,141.34,19037600
7/30/2019,MSFT,141.5,141.51,139.37,141.03,16605870
7/31/2019,MSFT,140.14,141.22,139.8,140.35,16846528
8/1/2019,MSFT,140.33,140.49,135.08,136.27,38598786
8/2/2019,MSFT,137,140.94,136.93,138.06,40557502
8/3/2019,MSFT,138.09,138.32,135.26,136.9,30791624
8/4/2019,MSFT,138.09,138.32,135.26,136.9,30791624
8/5/2019,MSFT,138.09,138.32,135.26,136.9,30791624
8/6/2019,MSFT,133.3,133.93,130.78,132.21,42749551
8/7/2019,MSFT,133.8,135.68,133.21,134.69,32696651
8/8/2019,MSFT,133.79,135.65,131.83,135.28,33414539
8/9/2019,MSFT,136.6,138.99,135.93,138.89,27496508
8/10/2019,MSFT,138.61,139.38,136.46,137.71,23466701
8/11/2019,MSFT,138.61,139.38,136.46,137.71,23466701
8/12/2019,MSFT,138.61,139.38,136.46,137.71,23466701
8/13/2019,MSFT,137.07,137.86,135.24,135.79,20484348
8/14/2019,MSFT,136.05,138.8,135,138.6,25496593
8/15/2019,MSFT,136.36,136.92,133.67,133.98,32527251
8/16/2019,MSFT,134.39,134.58,132.25,133.68,28125416
8/17/2019,MSFT,134.88,136.46,134.72,136.13,25026151
8/18/2019,MSFT,134.88,136.46,134.72,136.13,25026151
8/19/2019,MSFT,134.88,136.46,134.72,136.13,25026151
8/20/2019,MSFT,137.85,138.55,136.89,138.41,24370543
8/21/2019,MSFT,138.21,138.71,137.24,137.26,21188998
8/22/2019,MSFT,138.55,139.49,138,138.79,14982314
8/23/2019,MSFT,138.66,139.2,136.29,137.78,18709662
8/24/2019,MSFT,137.19,138.35,132.8,133.39,38515386
8/25/2019,MSFT,137.19,138.35,132.8,133.39,38515386
8/26/2019,MSFT,137.19,138.35,132.8,133.39,38515386
8/27/2019,MSFT,134.99,135.56,133.9,135.45,20325271
8/28/2019,MSFT,136.39,136.72,134.66,135.74,23115635
8/29/2019,MSFT,134.88,135.76,133.55,135.56,17410828
8/30/2019,MSFT,137.25,138.44,136.91,138.12,20179716
8/31/2019,MSFT,139.15,139.18,136.27,137.86,23946123
9/1/2019,MSFT,139.15,139.18,136.27,137.86,23946123
9/2/2019,MSFT,139.15,139.18,136.27,137.86,23946123
9/3/2019,MSFT,139.15,139.18,136.27,137.86,23946123
9/4/2019,MSFT,136.61,137.2,135.7,136.04,18880773
9/5/2019,MSFT,137.3,137.69,136.48,137.63,18015310
9/6/2019,MSFT,139.11,140.38,138.76,140.05,26119520
9/7/2019,MSFT,140.03,140.18,138.2,139.1,20824504
9/8/2019,MSFT,140.03,140.18,138.2,139.1,20824504
9/9/2019,MSFT,140.03,140.18,138.2,139.1,20824504
9/10/2019,MSFT,139.59,139.75,136.46,137.52,25773932
9/11/2019,MSFT,136.8,136.89,134.51,136.08,28903378
9/12/2019,MSFT,135.91,136.27,135.09,136.12,24726117
9/13/2019,MSFT,137.85,138.42,136.87,137.52,27009981
9/14/2019,MSFT,137.78,138.06,136.57,137.32,23363057
9/15/2019,MSFT,137.78,138.06,136.57,137.32,23363057
9/16/2019,MSFT,137.78,138.06,136.57,137.32,23363057
9/17/2019,MSFT,135.83,136.7,135.66,136.33,16731440
9/18/2019,MSFT,136.96,137.52,136.43,137.39,17976285
9/19/2019,MSFT,137.36,138.67,136.53,138.52,24473386
9/20/2019,MSFT,140.3,142.37,140.07,141.07,36095413
9/21/2019,MSFT,141.01,141.65,138.25,139.44,40040766
9/22/2019,MSFT,141.01,141.65,138.25,139.44,40040766
9/23/2019,MSFT,141.01,141.65,138.25,139.44,40040766
9/24/2019,MSFT,139.23,139.63,138.44,139.14,17408374
9/25/2019,MSFT,140.36,140.69,136.88,137.38,30016670
9/26/2019,MSFT,137.5,139.96,136.03,139.36,22544054
9/27/2019,MSFT,139.44,140.18,138.44,139.54,17813512
9/28/2019,MSFT,140.15,140.36,136.65,137.73,22498958
9/29/2019,MSFT,140.15,140.36,136.65,137.73,22498958
9/30/2019,MSFT,140.15,140.36,136.65,137.73,22498958
10/1/2019,MSFT,138.05,139.22,137.78,139.03,18430390
10/2/2019,MSFT,139.66,140.25,137,137.07,22581929
10/3/2019,MSFT,136.25,136.37,133.58,134.65,32001763
10/4/2019,MSFT,134.95,136.75,133.22,136.28,26379798
10/5/2019,MSFT,136.75,138.25,136.42,138.12,23839548
10/6/2019,MSFT,136.75,138.25,136.42,138.12,23839548
10/7/2019,MSFT,136.75,138.25,136.42,138.12,23839548
10/8/2019,MSFT,137.14,138.18,137.02,137.12,16601284
10/9/2019,MSFT,137.08,137.76,135.62,135.67,26783336
10/10/2019,MSFT,137.46,138.7,136.97,138.24,20178482
10/11/2019,MSFT,138.49,139.67,138.25,139.1,18396605
10/12/2019,MSFT,140.12,141.03,139.5,139.68,25551065
10/13/2019,MSFT,140.12,141.03,139.5,139.68,25551065
10/14/2019,MSFT,140.12,141.03,139.5,139.68,25551065
10/15/2019,MSFT,139.69,140.29,139.52,139.55,13591639
10/16/2019,MSFT,140.06,141.79,139.81,141.57,19917762
10/17/2019,MSFT,140.79,140.99,139.53,140.41,20841687
10/18/2019,MSFT,140.95,141.42,139.02,139.69,22102797
10/19/2019,MSFT,139.76,140,136.56,137.41,32284428
10/20/2019,MSFT,139.76,140,136.56,137.41,32284428
10/21/2019,MSFT,139.76,140,136.56,137.41,32284428
10/22/2019,MSFT,138.45,138.5,137.01,138.43,20716039
10/23/2019,MSFT,138.97,140.01,136.26,136.37,27935270
10/24/2019,MSFT,136.88,137.45,135.61,137.24,31380309
10/25/2019,MSFT,139.39,140.42,138.67,139.94,37278399
10/26/2019,MSFT,139.34,141.14,139.2,140.73,25959724
10/27/2019,MSFT,139.34,141.14,139.2,140.73,25959724
10/28/2019,MSFT,139.34,141.14,139.2,140.73,25959724
10/29/2019,MSFT,144.4,145.67,143.51,144.19,35280137
10/30/2019,MSFT,144.08,144.5,142.65,142.83,20589469
10/31/2019,MSFT,143.52,145,142.79,144.61,18496591
11/1/2019,MSFT,144.9,144.93,142.99,143.37,24605135
11/2/2019,MSFT,144.26,144.42,142.97,143.72,33128366
11/3/2019,MSFT,144.26,144.42,142.97,143.72,33128366
11/4/2019,MSFT,144.26,144.42,142.97,143.72,33128366
11/5/2019,MSFT,144.83,145,144.16,144.55,16911999
11/6/2019,MSFT,144.97,145.02,143.91,144.46,18250172
11/7/2019,MSFT,144.37,144.52,143.2,144.06,16575798
11/8/2019,MSFT,143.84,144.88,143.77,144.26,17786715
11/9/2019,MSFT,143.98,145.99,143.76,145.96,16752939
11/10/2019,MSFT,143.98,145.99,143.76,145.96,16752939
11/11/2019,MSFT,143.98,145.99,143.76,145.96,16752939
11/12/2019,MSFT,145.34,146.42,144.73,146.11,14370178
11/13/2019,MSFT,146.28,147.57,146.06,147.07,18648712
11/14/2019,MSFT,146.74,147.46,146.28,147.31,17444230
11/15/2019,MSFT,147.02,148.41,147,148.06,19755100
11/16/2019,MSFT,148.93,149.99,148.27,149.97,23508807
11/17/2019,MSFT,148.93,149.99,148.27,149.97,23508807
11/18/2019,MSFT,148.93,149.99,148.27,149.97,23508807
11/19/2019,MSFT,150.07,150.55,148.98,150.34,21554762
11/20/2019,MSFT,150.88,151.33,150.2,150.39,23960164
11/21/2019,MSFT,150.31,150.84,148.46,149.62,25720060
11/22/2019,MSFT,149.4,149.8,148.5,149.48,18576083
11/23/2019,MSFT,150.07,150.3,148.82,149.59,15841680
11/24/2019,MSFT,150.07,150.3,148.82,149.59,15841680
11/25/2019,MSFT,150.07,150.3,148.82,149.59,15841680
11/26/2019,MSFT,150,151.35,149.92,151.23,22428585
11/27/2019,MSFT,151.36,152.42,151.32,152.03,24635100
11/28/2019,MSFT,152.33,152.5,151.52,152.32,15201293
11/29/2019,MSFT,152.33,152.5,151.52,152.32,15201293
11/30/2019,MSFT,152.1,152.3,151.28,151.38,11977300
12/1/2019,MSFT,152.1,152.3,151.28,151.38,11977300
12/2/2019,MSFT,152.1,152.3,151.28,151.38,11977300
12/3/2019,MSFT,151.81,151.83,148.32,149.55,27473616
12/4/2019,MSFT,147.49,149.43,146.65,149.31,25192145
12/5/2019,MSFT,150.14,150.18,149.2,149.85,17580617
12/6/2019,MSFT,150.05,150.32,149.48,149.93,17880601
12/7/2019,MSFT,150.99,151.87,150.27,151.75,16410400
12/8/2019,MSFT,150.99,151.87,150.27,151.75,16410400
12/9/2019,MSFT,150.99,151.87,150.27,151.75,16410400
12/10/2019,MSFT,150.99,151.87,150.27,151.75,101612
12/11/2019,MSFT,151.29,151.89,150.76,151.13,16481060
12/12/2019,MSFT,151.54,151.87,150.33,151.7,18860001
12/13/2019,MSFT,151.65,153.44,151.02,153.24,24645366
12/14/2019,MSFT,153,154.89,152.83,154.53,23850062
12/15/2019,MSFT,153,154.89,152.83,154.53,23850062
12/16/2019,MSFT,153,154.89,152.83,154.53,23850062
12/17/2019,MSFT,155.11,155.9,154.82,155.53,24152770
12/18/2019,MSFT,155.45,155.71,154.45,154.69,25443527
12/19/2019,MSFT,154.3,155.48,154.18,154.37,24130046
12/20/2019,MSFT,154,155.77,153.75,155.71,25813825
12/21/2019,MSFT,157.35,158.49,156.29,157.41,53599613
12/22/2019,MSFT,157.35,158.49,156.29,157.41,53599613
12/23/2019,MSFT,157.35,158.49,156.29,157.41,53599613
12/24/2019,MSFT,158.12,158.12,157.27,157.41,17726283
12/25/2019,MSFT,157.48,157.71,157.12,157.38,8989150
12/26/2019,MSFT,157.48,157.71,157.12,157.38,8989150
12/27/2019,MSFT,157.56,158.73,157.4,158.67,14526927
12/28/2019,MSFT,159.45,159.55,158.22,158.96,18414352
12/29/2019,MSFT,159.45,159.55,158.22,158.96,18414352
12/30/2019,MSFT,159.45,159.55,158.22,158.96,18414352
12/31/2019,MSFT,158.99,159.02,156.73,157.59,16356720
1/1/2020,MSFT,156.77,157.77,156.45,157.7,18393383
1/2/2020,MSFT,156.77,157.77,156.45,157.7,18393383
1/3/2020,MSFT,158.78,160.73,158.33,160.62,22634546
1/4/2020,MSFT,158.32,159.95,158.06,158.62,21121681
1/5/2020,MSFT,158.32,159.95,158.06,158.62,21121681
1/6/2020,MSFT,158.32,159.95,158.06,158.62,21121681
1/7/2020,MSFT,157.08,159.1,156.51,159.03,20826702
1/8/2020,MSFT,159.32,159.67,157.32,157.58,21881740
1/9/2020,MSFT,158.93,160.8,157.95,160.09,27762026
1/10/2020,MSFT,161.84,162.22,161.03,162.09,21399951
1/11/2020,MSFT,162.82,163.22,161.18,161.34,20733946
1/12/2020,MSFT,162.82,163.22,161.18,161.34,20733946
1/13/2020,MSFT,162.82,163.22,161.18,161.34,20733946
1/14/2020,MSFT,161.76,163.31,161.26,163.28,21637007
1/15/2020,MSFT,163.39,163.6,161.72,162.13,23500783
1/16/2020,MSFT,162.62,163.94,162.57,163.18,21417871
1/17/2020,MSFT,164.35,166.24,164.03,166.17,23865360
1/18/2020,MSFT,167.42,167.47,165.43,167.1,34371659
1/19/2020,MSFT,167.42,167.47,165.43,167.1,34371659
1/20/2020,MSFT,167.42,167.47,165.43,167.1,34371659
1/21/2020,MSFT,167.42,167.47,165.43,167.1,34371659
1/22/2020,MSFT,166.68,168.19,166.43,166.5,29517191
1/23/2020,MSFT,167.4,167.49,165.68,165.7,24138777
1/24/2020,MSFT,166.19,166.8,165.27,166.72,19680766
1/25/2020,MSFT,167.51,167.53,164.45,165.04,24918117
1/26/2020,MSFT,167.51,167.53,164.45,165.04,24918117
1/27/2020,MSFT,167.51,167.53,164.45,165.04,24918117
1/28/2020,MSFT,161.15,163.38,160.2,162.28,32078067
1/29/2020,MSFT,163.78,165.76,163.07,165.46,24899940
1/30/2020,MSFT,167.84,168.75,165.69,168.04,35127771
1/31/2020,MSFT,174.05,174.05,170.79,172.78,51597470
2/1/2020,MSFT,172.21,172.4,169.58,170.23,36142690
2/2/2020,MSFT,172.21,172.4,169.58,170.23,36142690
2/3/2020,MSFT,172.21,172.4,169.58,170.23,36142690
2/4/2020,MSFT,170.43,174.5,170.4,174.38,30149052
2/5/2020,MSFT,177.14,180.64,176.31,180.12,36433339
2/6/2020,MSFT,184.03,184.2,178.41,179.9,39186324
2/7/2020,MSFT,180.97,183.82,180.06,183.63,27751381
2/8/2020,MSFT,182.85,185.63,182.48,183.89,33529074
2/9/2020,MSFT,182.85,185.63,182.48,183.89,33529074
2/10/2020,MSFT,182.85,185.63,182.48,183.89,33529074
2/11/2020,MSFT,183.58,188.84,183.25,188.7,35844267
2/12/2020,MSFT,190.65,190.7,183.5,184.44,53159906
2/13/2020,MSFT,185.58,185.85,181.85,184.71,47062921
2/14/2020,MSFT,183.08,186.23,182.87,183.71,35295834
2/15/2020,MSFT,183.25,185.41,182.65,185.35,23149516
2/16/2020,MSFT,183.25,185.41,182.65,185.35,23149516
2/17/2020,MSFT,183.25,185.41,182.65,185.35,23149516
2/18/2020,MSFT,183.25,185.41,182.65,185.35,23149516
2/19/2020,MSFT,185.61,187.7,185.5,187.23,27853113
2/20/2020,MSFT,188.06,188.18,186.47,187.28,29997471
2/21/2020,MSFT,186.95,187.25,181.1,184.42,36862376
2/22/2020,MSFT,183.17,183.5,177.25,178.59,48600385
2/23/2020,MSFT,183.17,183.5,177.25,178.59,48600385
2/24/2020,MSFT,183.17,183.5,177.25,178.59,48600385
2/25/2020,MSFT,167.77,174.55,163.23,170.89,68311066
2/26/2020,MSFT,174.2,174.84,167.65,168.07,68073295
2/27/2020,MSFT,169.71,173.26,168.21,170.17,56387148
2/28/2020,MSFT,163.32,167.03,157.98,158.18,93174906
2/29/2020,MSFT,152.41,163.71,152,162.01,97073557
3/1/2020,MSFT,152.41,163.71,152,162.01,97073557
3/2/2020,MSFT,152.41,163.71,152,162.01,97073557
3/3/2020,MSFT,165.31,172.92,162.31,172.79,71030810
3/4/2020,MSFT,173.8,175,162.26,164.51,71677019
3/5/2020,MSFT,168.49,170.7,165.62,170.55,49814383
3/6/2020,MSFT,166.05,170.87,165.69,166.27,47817251
3/7/2020,MSFT,162.61,163.11,156,161.57,72821057
3/8/2020,MSFT,162.61,163.11,156,161.57,72821057
3/9/2020,MSFT,162.61,163.11,156,161.57,72821057
3/10/2020,MSFT,151,157.75,150,150.62,70419274
3/11/2020,MSFT,158.16,161.03,152.58,160.92,65354385
3/12/2020,MSFT,157.13,157.7,151.15,153.63,56504304
3/13/2020,MSFT,145.3,153.47,138.58,139.06,93226366
3/14/2020,MSFT,147.5,161.91,140.73,158.83,92727446
3/15/2020,MSFT,147.5,161.91,140.73,158.83,92727446
3/16/2020,MSFT,147.5,161.91,140.73,158.83,92727446
3/17/2020,MSFT,140,149.35,135,135.42,87905868
3/18/2020,MSFT,140,147.5,135,146.57,81059817
3/19/2020,MSFT,138,146,135.02,140.4,81593173
3/20/2020,MSFT,142.77,150.15,139,142.71,85922661
3/21/2020,MSFT,146,147.1,135.86,137.35,84866215
3/22/2020,MSFT,146,147.1,135.86,137.35,84866215
3/23/2020,MSFT,146,147.1,135.86,137.35,84866215
3/24/2020,MSFT,137.01,140.57,132.52,135.98,78975176
3/25/2020,MSFT,143.75,149.6,141.27,148.34,82516727
3/26/2020,MSFT,148.91,154.33,144.44,146.92,75638224
3/27/2020,MSFT,148.4,156.66,148.37,156.11,64694427
3/28/2020,MSFT,151.75,154.89,149.2,149.7,57042291
3/29/2020,MSFT,151.75,154.89,149.2,149.7,57042291
3/30/2020,MSFT,151.75,154.89,149.2,149.7,57042291
3/31/2020,MSFT,152.44,160.6,150.01,160.23,63420326
4/1/2020,MSFT,159.4,164.78,156.56,157.71,77927186
4/2/2020,MSFT,153,157.75,150.82,152.11,57969926
4/3/2020,MSFT,151.86,155.48,150.36,155.26,49630735
4/4/2020,MSFT,155.1,157.38,152.19,153.83,41243284
4/5/2020,MSFT,155.1,157.38,152.19,153.83,41243284
4/6/2020,MSFT,155.1,157.38,152.19,153.83,41243284
4/7/2020,MSFT,160.32,166.5,157.58,165.27,67111697
4/8/2020,MSFT,169.59,170,163.26,163.49,62769038
4/9/2020,MSFT,165.67,166.67,163.5,165.13,48318234
4/10/2020,MSFT,166.36,167.37,163.33,165.14,51431775
4/11/2020,MSFT,166.36,167.37,163.33,165.14,51431775
4/12/2020,MSFT,166.36,167.37,163.33,165.14,51431775
4/13/2020,MSFT,166.36,167.37,163.33,165.14,51431775
4/14/2020,MSFT,164.35,165.57,162.3,165.51,41905264
4/15/2020,MSFT,169,173.75,168,173.7,52874338
4/16/2020,MSFT,171.2,173.57,169.24,171.88,40940833
4/17/2020,MSFT,174.3,177.28,172.9,177.04,50479610
4/18/2020,MSFT,179.5,180,175.87,178.6,52765625
4/19/2020,MSFT,179.5,180,175.87,178.6,52765625
4/20/2020,MSFT,179.5,180,175.87,178.6,52765625
4/21/2020,MSFT,176.63,178.75,174.99,175.06,36669595
4/22/2020,MSFT,173.5,173.67,166.11,167.82,56203749
4/23/2020,MSFT,171.39,174,170.82,173.52,34651604
4/24/2020,MSFT,174.11,175.06,170.91,171.42,32790804
4/25/2020,MSFT,172.06,174.56,170.71,174.55,34305320
4/26/2020,MSFT,172.06,174.56,170.71,174.55,34305320
4/27/2020,MSFT,172.06,174.56,170.71,174.55,34305320
4/28/2020,MSFT,176.59,176.9,173.3,174.05,33194384
4/29/2020,MSFT,175.59,175.67,169.39,169.81,34392694
4/30/2020,MSFT,173.22,177.68,171.88,177.43,51286559
5/1/2020,MSFT,180,180.4,176.23,179.21,53875857
5/2/2020,MSFT,175.8,178.64,174.01,174.57,39370474
5/3/2020,MSFT,175.8,178.64,174.01,174.57,39370474
5/4/2020,MSFT,175.8,178.64,174.01,174.57,39370474
5/5/2020,MSFT,174.49,179,173.8,178.84,30372862
5/6/2020,MSFT,180.62,183.65,179.9,180.76,36839168
5/7/2020,MSFT,182.08,184.2,181.63,182.54,32139299
5/8/2020,MSFT,184.17,184.55,182.58,183.6,28315992
5/9/2020,MSFT,184.98,185,183.36,184.68,30912638
5/10/2020,MSFT,184.98,185,183.36,184.68,30912638
5/11/2020,MSFT,184.98,185,183.36,184.68,30912638
5/12/2020,MSFT,183.15,187.51,182.85,186.74,30892660
5/13/2020,MSFT,186.8,187.04,182.3,182.51,32038199
5/14/2020,MSFT,182.55,184.05,176.54,179.75,44711488
5/15/2020,MSFT,177.54,180.69,175.68,180.53,41873911
5/16/2020,MSFT,179.06,187.06,177,183.16,46610382
5/17/2020,MSFT,179.06,187.06,177,183.16,46610382
5/18/2020,MSFT,179.06,187.06,177,183.16,46610382
5/19/2020,MSFT,185.75,186.2,183.96,184.91,35306620
5/20/2020,MSFT,185.03,186.6,183.49,183.63,26799116
5/21/2020,MSFT,184.81,185.85,183.94,185.66,31261334
5/22/2020,MSFT,185.4,186.67,183.29,183.43,29119513
5/23/2020,MSFT,183.19,184.46,182.54,183.51,20826898
5/24/2020,MSFT,183.19,184.46,182.54,183.51,20826898
5/25/2020,MSFT,183.19,184.46,182.54,183.51,20826898
5/26/2020,MSFT,183.19,184.46,182.54,183.51,20826898
5/27/2020,MSFT,186.34,186.5,181.1,181.57,36073609
5/28/2020,MSFT,180.2,181.99,176.6,181.81,39517146
5/29/2020,MSFT,180.74,184.15,180.38,181.4,33831824
5/30/2020,MSFT,182.73,184.27,180.41,183.25,42146720
5/31/2020,MSFT,182.73,184.27,180.41,183.25,42146720
6/1/2020,MSFT,182.73,184.27,180.41,183.25,42146720
6/2/2020,MSFT,182.54,183,181.46,182.83,22668821
6/3/2020,MSFT,184.25,185,181.35,184.91,30794585
6/4/2020,MSFT,184.82,185.94,183.58,185.36,27311016
6/5/2020,MSFT,184.3,185.84,182.3,182.92,28761809
6/6/2020,MSFT,182.62,187.73,182.01,187.2,39893643
6/7/2020,MSFT,182.62,187.73,182.01,187.2,39893643
6/8/2020,MSFT,182.62,187.73,182.01,187.2,39893643
6/9/2020,MSFT,185.94,188.55,184.44,188.36,33211590
6/10/2020,MSFT,188,190.7,187.26,189.8,29783916
6/11/2020,MSFT,191.13,198.52,191.01,196.84,43872329
6/12/2020,MSFT,193.13,195.76,186.07,186.27,52854672
6/13/2020,MSFT,190.54,191.72,185.18,187.74,43373587
6/14/2020,MSFT,190.54,191.72,185.18,187.74,43373587
6/15/2020,MSFT,190.54,191.72,185.18,187.74,43373587
6/16/2020,MSFT,184.58,190.82,184.01,188.94,32770189
6/17/2020,MSFT,192.89,195.58,191.46,193.57,42556656
6/18/2020,MSFT,195.03,196.32,193.69,194.24,25687822
6/19/2020,MSFT,194,196.49,194,196.32,23061648
6/20/2020,MSFT,198.59,199.29,194.37,195.15,44441141
6/21/2020,MSFT,198.59,199.29,194.37,195.15,44441141
6/22/2020,MSFT,198.59,199.29,194.37,195.15,44441141
6/23/2020,MSFT,195.79,200.76,195.23,200.57,32818929
6/24/2020,MSFT,202.09,203.95,201.43,201.91,30917447
6/25/2020,MSFT,201.6,203.25,196.56,197.84,36740647
6/26/2020,MSFT,197.8,200.61,195.47,200.34,27803933
6/27/2020,MSFT,199.73,199.89,194.88,196.33,54675780
6/28/2020,MSFT,199.73,199.89,194.88,196.33,54675780
6/29/2020,MSFT,199.73,199.89,194.88,196.33,54675780
6/30/2020,MSFT,195.78,198.53,193.55,198.44,26701586
7/1/2020,MSFT,197.88,204.4,197.74,203.51,34310283
7/2/2020,MSFT,203.14,206.35,201.77,204.7,32061206
7/3/2020,MSFT,205.68,208.02,205,206.26,29315762
7/4/2020,MSFT,205.68,208.02,205,206.26,29315762
7/5/2020,MSFT,205.68,208.02,205,206.26,29315762
7/6/2020,MSFT,205.68,208.02,205,206.26,29315762
7/7/2020,MSFT,208.83,211.13,208.09,210.7,31897629
7/8/2020,MSFT,210.45,214.67,207.99,208.25,33600732
7/9/2020,MSFT,210.07,213.26,208.69,212.83,33600025
7/10/2020,MSFT,216.33,216.38,211.47,214.32,33121681
7/11/2020,MSFT,213.62,214.08,211.08,213.67,26177633
7/12/2020,MSFT,213.62,214.08,211.08,213.67,26177633
7/13/2020,MSFT,213.62,214.08,211.08,213.67,26177633
7/14/2020,MSFT,214.48,215.8,206.5,207.07,38135606
7/15/2020,MSFT,206.13,208.85,202.03,208.35,37591820
7/16/2020,MSFT,209.56,211.33,205.03,208.04,32179409
7/17/2020,MSFT,205.4,205.7,202.31,203.92,29940653
7/18/2020,MSFT,204.47,205.04,201.39,202.88,31635281
7/19/2020,MSFT,204.47,205.04,201.39,202.88,31635281
7/20/2020,MSFT,204.47,205.04,201.39,202.88,31635281
7/21/2020,MSFT,205,212.3,203.01,211.6,36884836
7/22/2020,MSFT,213.66,213.94,208.03,208.75,38105777
7/23/2020,MSFT,209.2,212.3,208.39,211.75,49605692
7/24/2020,MSFT,207.19,210.92,202.15,202.54,67457035
7/25/2020,MSFT,200.42,202.86,197.51,201.3,39826989
7/26/2020,MSFT,200.42,202.86,197.51,201.3,39826989
7/27/2020,MSFT,200.42,202.86,197.51,201.3,39826989
7/28/2020,MSFT,201.47,203.97,200.86,203.85,30160867
7/29/2020,MSFT,203.61,204.7,201.74,202.02,23251388
7/30/2020,MSFT,202.5,204.65,202.01,204.06,19632602
7/31/2020,MSFT,201,204.46,199.57,203.9,25079596
8/1/2020,MSFT,204.4,205.1,199.01,205.01,51247969
8/2/2020,MSFT,204.4,205.1,199.01,205.01,51247969
8/3/2020,MSFT,204.4,205.1,199.01,205.01,51247969
8/4/2020,MSFT,211.52,217.64,210.44,216.54,78983009
8/5/2020,MSFT,214.17,214.77,210.31,213.29,49280056
8/6/2020,MSFT,214.9,215,211.57,212.94,28858621
8/7/2020,MSFT,212.34,216.37,211.55,216.35,32656843
8/8/2020,MSFT,214.85,215.7,210.93,212.48,27820421
8/9/2020,MSFT,214.85,215.7,210.93,212.48,27820421
8/10/2020,MSFT,214.85,215.7,210.93,212.48,27820421
8/11/2020,MSFT,211.67,211.88,206.35,208.25,36716462
8/12/2020,MSFT,207.16,207.65,203.14,203.38,36446459
8/13/2020,MSFT,205.29,210.28,204.75,209.19,28041364
8/14/2020,MSFT,209.44,211.35,208.15,208.7,22588870
8/15/2020,MSFT,208.76,209.59,207.51,208.9,17958936
8/16/2020,MSFT,208.76,209.59,207.51,208.9,17958936
8/17/2020,MSFT,208.76,209.59,207.51,208.9,17958936
8/18/2020,MSFT,209.6,211.19,208.92,210.28,20184757
8/19/2020,MSFT,210.53,212.36,209.21,211.49,21336167
8/20/2020,MSFT,211.49,212.1,209.25,209.7,27627561
8/21/2020,MSFT,209.54,215,208.91,214.58,26981478
8/22/2020,MSFT,213.86,216.25,212.85,213.02,36249319
8/23/2020,MSFT,213.86,216.25,212.85,213.02,36249319
8/24/2020,MSFT,213.86,216.25,212.85,213.02,36249319
8/25/2020,MSFT,214.79,215.52,212.43,213.69,25460147
8/26/2020,MSFT,213.1,216.61,213.1,216.47,23043696
8/27/2020,MSFT,217.88,222.09,217.36,221.15,39600828
8/28/2020,MSFT,222.89,231.15,219.4,226.58,57602195
8/29/2020,MSFT,228.18,230.64,226.58,228.91,26292896
8/30/2020,MSFT,228.18,230.64,226.58,228.91,26292896
8/31/2020,MSFT,228.18,230.64,226.58,228.91,26292896
9/1/2020,MSFT,227,228.7,224.31,225.53,28774156
9/2/2020,MSFT,225.51,227.45,224.43,227.27,25791235
9/3/2020,MSFT,227.97,232.86,227.35,231.65,34080839
9/4/2020,MSFT,229.27,229.31,214.96,217.3,58400288
9/5/2020,MSFT,215.1,218.36,205.19,214.25,59664072
9/6/2020,MSFT,215.1,218.36,205.19,214.25,59664072
9/7/2020,MSFT,215.1,218.36,205.19,214.25,59664072
9/8/2020,MSFT,215.1,218.36,205.19,214.25,59664072
9/9/2020,MSFT,206.5,210.03,202.2,202.66,52924330
9/10/2020,MSFT,207.6,214.84,206.7,211.29,45678986
9/11/2020,MSFT,213.4,214.74,204.11,205.37,35461514
9/12/2020,MSFT,207.2,208.63,201.24,204.03,33620073
9/13/2020,MSFT,207.2,208.63,201.24,204.03,33620073
9/14/2020,MSFT,207.2,208.63,201.24,204.03,33620073
9/15/2020,MSFT,204.24,209.2,204.03,205.41,30375768
9/16/2020,MSFT,208.42,209.78,206.93,208.78,21823942
9/17/2020,MSFT,210.62,210.65,204.64,205.05,26372464
9/18/2020,MSFT,200.05,204.33,199.96,202.91,34011257
9/19/2020,MSFT,202.8,203.65,196.25,200.39,55225326
9/20/2020,MSFT,202.8,203.65,196.25,200.39,55225326
9/21/2020,MSFT,202.8,203.65,196.25,200.39,55225326
9/22/2020,MSFT,197.19,202.71,196.38,202.54,39839657
9/23/2020,MSFT,205.06,208.1,202.08,207.42,33517065
9/24/2020,MSFT,207.9,208.1,200.03,200.59,30803780
9/25/2020,MSFT,199.85,205.57,199.2,203.19,31202493
9/26/2020,MSFT,203.55,209.04,202.54,207.82,29437312
9/27/2020,MSFT,203.55,209.04,202.54,207.82,29437312
9/28/2020,MSFT,203.55,209.04,202.54,207.82,29437312
9/29/2020,MSFT,210.88,212.57,208.06,209.44,32004936
9/30/2020,MSFT,209.35,210.07,206.81,207.26,24464472
10/1/2020,MSFT,207.73,211.98,206.54,210.33,33829088
10/2/2020,MSFT,213.49,213.99,211.32,212.46,27158418
10/3/2020,MSFT,208,210.99,205.54,206.19,33154781
10/4/2020,MSFT,208,210.99,205.54,206.19,33154781
10/5/2020,MSFT,208,210.99,205.54,206.19,33154781
10/6/2020,MSFT,207.22,210.41,206.98,210.38,21331561
10/7/2020,MSFT,208.82,210.18,204.82,205.91,28554261
10/8/2020,MSFT,207.06,210.11,206.72,209.83,25681054
10/9/2020,MSFT,210.51,211.19,208.32,210.58,19925837
10/10/2020,MSFT,211.23,215.86,211.23,215.81,26458047
10/11/2020,MSFT,211.23,215.86,211.23,215.81,26458047
10/12/2020,MSFT,211.23,215.86,211.23,215.81,26458047
10/13/2020,MSFT,218.79,223.86,216.81,221.4,40461368
10/14/2020,MSFT,222.72,225.21,220.43,222.86,28950843
10/15/2020,MSFT,223,224.22,219.13,220.86,23451713
10/16/2020,MSFT,217.1,220.36,216.01,219.66,22733064
10/17/2020,MSFT,220.15,222.29,219.32,219.66,26057882
10/18/2020,MSFT,220.15,222.29,219.32,219.66,26057882
10/19/2020,MSFT,220.15,222.29,219.32,219.66,26057882
10/20/2020,MSFT,220.42,222.3,213.72,214.22,27625841
10/21/2020,MSFT,215.8,217.37,213.09,214.65,22753511
10/22/2020,MSFT,213.12,216.92,213.12,214.8,22724906
10/23/2020,MSFT,213.93,216.06,211.7,214.89,22351450
10/24/2020,MSFT,215.03,216.28,213.16,216.23,18879608
10/25/2020,MSFT,215.03,216.28,213.16,216.23,18879608
10/26/2020,MSFT,215.03,216.28,213.16,216.23,18879608
10/27/2020,MSFT,213.85,216.34,208.1,210.08,37111561
10/28/2020,MSFT,211.59,214.67,210.33,213.25,36700325
10/29/2020,MSFT,207.67,208.84,202.1,202.68,51195593
10/30/2020,MSFT,204.07,207.36,203.37,204.72,31432563
10/31/2020,MSFT,203.5,204.29,199.62,202.47,36980111
11/1/2020,MSFT,203.5,204.29,199.62,202.47,36980111
11/2/2020,MSFT,203.5,204.29,199.62,202.47,36980111
11/3/2020,MSFT,204.29,205.28,200.12,202.33,30842163
11/4/2020,MSFT,203.89,208.12,203.12,206.43,27512030
11/5/2020,MSFT,214.02,218.32,212.42,216.39,42311777
11/6/2020,MSFT,222.04,224.12,221.15,223.29,36080137
11/7/2020,MSFT,222.26,224.36,218.03,223.72,25231895
11/8/2020,MSFT,222.26,224.36,218.03,223.72,25231895
11/9/2020,MSFT,222.26,224.36,218.03,223.72,25231895
11/10/2020,MSFT,224.44,228.12,217.88,218.39,44394950
11/11/2020,MSFT,214.5,216.5,209.72,211.01,44045120
11/12/2020,MSFT,212.39,218.04,212.2,216.55,29440788
11/13/2020,MSFT,217.21,219.11,214.46,215.44,21616115
11/14/2020,MSFT,216.36,217.42,214.16,216.51,18630307
11/15/2020,MSFT,216.36,217.42,214.16,216.51,18630307
11/16/2020,MSFT,216.36,217.42,214.16,216.51,18630307
11/17/2020,MSFT,214.87,217.74,214.52,217.23,24953344
11/18/2020,MSFT,216.1,217.68,214.08,214.46,24154112
11/19/2020,MSFT,213.65,215.17,210.93,211.08,28372789
11/20/2020,MSFT,211.38,213.03,209.93,212.42,24792746
11/21/2020,MSFT,212.2,213.29,210,210.39,22843119
11/22/2020,MSFT,212.2,213.29,210,210.39,22843119
11/23/2020,MSFT,212.2,213.29,210,210.39,22843119
11/24/2020,MSFT,210.95,212.29,208.16,210.11,25683507
11/25/2020,MSFT,209.59,214.25,208.86,213.86,33979731
11/26/2020,MSFT,215.11,215.29,212.46,213.87,21012887
11/27/2020,MSFT,215.11,215.29,212.46,213.87,21012887
11/28/2020,MSFT,214.85,216.27,214.04,215.23,14512213
11/29/2020,MSFT,214.85,216.27,214.04,215.23,14512213
11/30/2020,MSFT,214.85,216.27,214.04,215.23,14512213
12/1/2020,MSFT,214.1,214.76,210.84,214.07,33064753
12/2/2020,MSFT,214.51,217.32,213.35,216.21,30931318
12/3/2020,MSFT,214.88,215.47,212.8,215.37,23724509
12/4/2020,MSFT,214.61,216.38,213.65,214.24,25120922
12/5/2020,MSFT,214.22,215.38,213.18,214.36,24666039
12/6/2020,MSFT,214.22,215.38,213.18,214.36,24666039
12/7/2020,MSFT,214.22,215.38,213.18,214.36,24666039
12/8/2020,MSFT,214.37,215.54,212.99,214.29,24619997
12/9/2020,MSFT,213.97,216.95,212.89,216.01,23284094
12/10/2020,MSFT,215.16,215.23,211.21,211.8,32440603
12/11/2020,MSFT,211.77,213.08,210.36,210.52,26467017
12/12/2020,MSFT,210.05,213.32,209.11,213.26,30979440
12/13/2020,MSFT,210.05,213.32,209.11,213.26,30979440
12/14/2020,MSFT,210.05,213.32,209.11,213.26,30979440
12/15/2020,MSFT,213.1,216.21,212.88,214.2,28798379
12/16/2020,MSFT,215.17,215.42,212.24,214.13,27018106
12/17/2020,MSFT,214.75,220.11,214.72,219.28,35023253
12/18/2020,MSFT,219.87,220.89,217.92,219.42,32515784
12/19/2020,MSFT,218.59,219.69,216.02,218.59,63354922
12/20/2020,MSFT,218.59,219.69,216.02,218.59,63354922
12/21/2020,MSFT,218.59,219.69,216.02,218.59,63354922
12/22/2020,MSFT,217.55,224,217.28,222.59,37181886
12/23/2020,MSFT,222.69,225.63,221.85,223.94,22643397
12/24/2020,MSFT,223.11,223.56,220.8,221.02,18699638
12/25/2020,MSFT,221.42,223.61,221.2,222.75,10550572
12/26/2020,MSFT,221.42,223.61,221.2,222.75,10550572
12/27/2020,MSFT,221.42,223.61,221.2,222.75,10550572
12/28/2020,MSFT,221.42,223.61,221.2,222.75,10550572
12/29/2020,MSFT,224.45,226.03,223.02,224.96,17933496
12/30/2020,MSFT,226.31,227.18,223.58,224.15,17403213
12/31/2020,MSFT,225.23,225.63,221.47,221.68,20272337
1/1/2021,MSFT,221.7,223,219.68,222.42,20942132
1/2/2021,MSFT,221.7,223,219.68,222.42,20942132
1/3/2021,MSFT,221.7,223,219.68,222.42,20942132
1/4/2021,MSFT,221.7,223,219.68,222.42,20942132
1/5/2021,MSFT,222.53,223,214.81,217.69,37130139
1/6/2021,MSFT,217.26,218.52,215.7,217.9,23822953
1/7/2021,MSFT,212.17,216.49,211.94,212.25,35930653
1/8/2021,MSFT,214.04,219.34,213.71,218.29,27694480
1/9/2021,MSFT,218.68,220.58,217.03,219.62,22956206
1/10/2021,MSFT,218.68,220.58,217.03,219.62,22956206
1/11/2021,MSFT,218.68,220.58,217.03,219.62,22956206
1/12/2021,MSFT,218.47,218.91,216.73,217.49,23047029
1/13/2021,MSFT,216.5,217.1,213.32,214.93,23249336
1/14/2021,MSFT,214.02,216.76,213.93,216.34,20087080
1/15/2021,MSFT,215.91,217.46,212.74,213.02,29346737
1/16/2021,MSFT,213.52,214.51,212.03,212.65,31746512
1/17/2021,MSFT,213.52,214.51,212.03,212.65,31746512
1/18/2021,MSFT,213.52,214.51,212.03,212.65,31746512
1/19/2021,MSFT,213.52,214.51,212.03,212.65,31746512
1/20/2021,MSFT,213.75,216.98,212.63,216.44,30480859
1/21/2021,MSFT,217.7,225.79,217.29,224.34,37777260
1/22/2021,MSFT,224.7,226.3,222.42,224.97,30749553
1/23/2021,MSFT,227.08,230.07,225.8,225.95,30172663
1/24/2021,MSFT,227.08,230.07,225.8,225.95,30172663
1/25/2021,MSFT,227.08,230.07,225.8,225.95,30172663
1/26/2021,MSFT,229.12,229.78,224.22,229.53,33152095
1/27/2021,MSFT,231.86,234.18,230.08,232.33,49169601
1/28/2021,MSFT,238,240.44,230.14,232.9,69870638
1/29/2021,MSFT,235.61,242.64,235.09,238.93,49111159
1/30/2021,MSFT,235.99,238.02,231.35,231.96,42503138
1/31/2021,MSFT,235.99,238.02,231.35,231.96,42503138
2/1/2021,MSFT,235.99,238.02,231.35,231.96,42503138
2/2/2021,MSFT,235.06,242.5,232.43,239.65,33314193
2/3/2021,MSFT,241.3,242.31,238.69,239.51,25916337
2/4/2021,MSFT,239.57,245.09,239.26,243,27158104
2/5/2021,MSFT,242.66,243.24,240.37,242.01,25296100
2/6/2021,MSFT,242.23,243.28,240.42,242.2,18054752
2/7/2021,MSFT,242.23,243.28,240.42,242.2,18054752
2/8/2021,MSFT,242.23,243.28,240.42,242.2,18054752
2/9/2021,MSFT,243.15,243.68,240.81,242.47,22211929
2/10/2021,MSFT,241.87,244.76,241.38,243.77,23564953
2/11/2021,MSFT,245,245.92,240.89,242.82,22186706
2/12/2021,MSFT,244.78,245.15,242.15,244.49,15751059
2/13/2021,MSFT,243.93,245.3,242.73,244.99,16561079
2/14/2021,MSFT,243.93,245.3,242.73,244.99,16561079
2/15/2021,MSFT,243.93,245.3,242.73,244.99,16561079
2/16/2021,MSFT,243.93,245.3,242.73,244.99,16561079
2/17/2021,MSFT,245.03,246.13,242.92,243.7,26728490
2/18/2021,MSFT,241.32,244.31,240.94,244.2,21673109
2/19/2021,MSFT,241.8,243.93,240.86,243.79,16925563
2/20/2021,MSFT,243.75,243.86,240.18,240.97,25262600
2/21/2021,MSFT,243.75,243.86,240.18,240.97,25262600
2/22/2021,MSFT,243.75,243.86,240.18,240.97,25262600
2/23/2021,MSFT,237.42,237.93,232.4,234.51,36446936
2/24/2021,MSFT,230.33,234.83,228.73,233.27,30228704
2/25/2021,MSFT,230.01,235.2,229,234.55,26339746
2/26/2021,MSFT,232.08,234.59,227.88,228.99,39542235
2/27/2021,MSFT,231.53,235.37,229.54,232.38,37819227
2/28/2021,MSFT,231.53,235.37,229.54,232.38,37819227
3/1/2021,MSFT,231.53,235.37,229.54,232.38,37819227
3/2/2021,MSFT,235.9,237.47,233.15,236.94,25332837
3/3/2021,MSFT,237.01,237.3,233.45,233.87,22812459
3/4/2021,MSFT,232.16,233.58,227.26,227.56,34029526
3/5/2021,MSFT,226.74,232.49,224.26,226.73,44727785
3/6/2021,MSFT,229.52,233.27,226.46,231.6,41872770
3/7/2021,MSFT,229.52,233.27,226.46,231.6,41872770
3/8/2021,MSFT,229.52,233.27,226.46,231.6,41872770
3/9/2021,MSFT,231.37,233.37,227.13,227.39,35267440
3/10/2021,MSFT,232.88,235.38,231.67,233.78,33080531
3/11/2021,MSFT,237,237,232.04,232.42,29746812
3/12/2021,MSFT,234.96,239.17,234.31,237.13,29907586
3/13/2021,MSFT,234.01,235.82,233.23,235.75,22653662
3/14/2021,MSFT,234.01,235.82,233.23,235.75,22653662
3/15/2021,MSFT,234.01,235.82,233.23,235.75,22653662
3/16/2021,MSFT,234.96,235.19,231.81,234.81,26042669
3/17/2021,MSFT,236.28,240.06,235.94,237.71,28092196
3/18/2021,MSFT,236.15,238.55,233.23,237.04,29562100
3/19/2021,MSFT,232.56,234.19,230.33,230.72,34852251
3/20/2021,MSFT,231.02,232.47,229.35,230.35,46430730
3/21/2021,MSFT,231.02,232.47,229.35,230.35,46430730
3/22/2021,MSFT,231.02,232.47,229.35,230.35,46430730
3/23/2021,MSFT,230.27,236.9,230.14,235.99,30127005
3/24/2021,MSFT,237.49,241.05,237.07,237.58,31638376
3/25/2021,MSFT,237.85,238,235.32,235.46,25620127
3/26/2021,MSFT,235.3,236.94,231.57,232.34,34061853
3/27/2021,MSFT,231.55,236.71,231.55,236.48,25479853
3/28/2021,MSFT,231.55,236.71,231.55,236.48,25479853
3/29/2021,MSFT,231.55,236.71,231.55,236.48,25479853
3/30/2021,MSFT,236.59,236.8,231.88,235.24,25227455
3/31/2021,MSFT,233.53,233.85,231.1,231.85,24792012
4/1/2021,MSFT,232.91,239.1,232.39,235.77,43623471
4/2/2021,MSFT,238.47,242.84,238.05,242.35,30337982
4/3/2021,MSFT,238.47,242.84,238.05,242.35,30337982
4/4/2021,MSFT,238.47,242.84,238.05,242.35,30337982
4/5/2021,MSFT,238.47,242.84,238.05,242.35,30337982
4/6/2021,MSFT,242.76,249.96,242.7,249.07,36910609
4/7/2021,MSFT,247.61,249.4,246.88,247.86,22931923
4/8/2021,MSFT,247.81,250.93,247.19,249.9,22719835
4/9/2021,MSFT,252.77,254.14,252,253.25,23625197
4/10/2021,MSFT,252.87,255.99,252.44,255.85,24326833
4/11/2021,MSFT,252.87,255.99,252.44,255.85,24326833
4/12/2021,MSFT,252.87,255.99,252.44,255.85,24326833
4/13/2021,MSFT,254.71,257.67,254.62,255.91,27148668
4/14/2021,MSFT,257.26,259.19,256.83,258.49,23837469
4/15/2021,MSFT,257.48,258.83,255.16,255.59,23070938
4/16/2021,MSFT,257.93,259.93,257.73,259.5,25627481
4/17/2021,MSFT,259.47,261,257.6,260.74,24878582
4/18/2021,MSFT,259.47,261,257.6,260.74,24878582
4/19/2021,MSFT,259.47,261,257.6,260.74,24878582
4/20/2021,MSFT,260.19,261.48,257.82,258.74,23209260
4/21/2021,MSFT,257.82,260.2,256.84,258.26,19722875
4/22/2021,MSFT,258.94,260.68,257.25,260.58,24030383
4/23/2021,MSFT,260.21,261.78,255.64,257.17,25606152
4/24/2021,MSFT,257.88,261.51,257.27,261.15,21499286
4/25/2021,MSFT,257.88,261.51,257.27,261.15,21499286
4/26/2021,MSFT,257.88,261.51,257.27,261.15,21499286
4/27/2021,MSFT,261.66,262.44,260.17,261.55,19763346
4/28/2021,MSFT,261.58,263.19,260.12,261.97,31014213
4/29/2021,MSFT,256.08,256.54,252.95,254.56,46903119
4/30/2021,MSFT,255.46,256.1,249,252.51,40589023
5/1/2021,MSFT,249.74,253.08,249.6,252.18,30945098
5/2/2021,MSFT,249.74,253.08,249.6,252.18,30945098
5/3/2021,MSFT,249.74,253.08,249.6,252.18,30945098
5/4/2021,MSFT,253.4,254.35,251.12,251.86,19626568
5/5/2021,MSFT,250.97,251.21,245.76,247.79,32756052
5/6/2021,MSFT,249.06,249.5,245.82,246.47,21901325
5/7/2021,MSFT,246.45,249.86,244.69,249.73,26491085
5/8/2021,MSFT,252.15,254.3,251.17,252.46,27032912
5/9/2021,MSFT,252.15,254.3,251.17,252.46,27032912
5/10/2021,MSFT,252.15,254.3,251.17,252.46,27032912
5/11/2021,MSFT,250.87,251.73,247.12,247.18,29299890
5/12/2021,MSFT,244.55,246.6,242.57,246.23,33641589
5/13/2021,MSFT,242.17,244.38,238.07,239,36684370
5/14/2021,MSFT,241.8,245.6,241.42,243.03,29624298
5/15/2021,MSFT,245.58,249.18,245.49,248.15,23901081
5/16/2021,MSFT,245.58,249.18,245.49,248.15,23901081
5/17/2021,MSFT,245.58,249.18,245.49,248.15,23901081
5/18/2021,MSFT,246.55,246.59,243.52,245.18,24970168
5/19/2021,MSFT,246.27,246.41,242.9,243.08,20167975
5/20/2021,MSFT,239.31,243.23,238.6,243.12,25739807
5/21/2021,MSFT,243.96,247.95,243.86,246.48,21800716
5/22/2021,MSFT,247.57,248.33,244.74,245.17,21863058
5/23/2021,MSFT,247.57,248.33,244.74,245.17,21863058
5/24/2021,MSFT,247.57,248.33,244.74,245.17,21863058
5/25/2021,MSFT,247.79,251.16,247.51,250.78,21411547
5/26/2021,MSFT,251.77,252.75,250.82,251.72,17704303
5/27/2021,MSFT,251.43,252.94,250.75,251.49,17771600
5/28/2021,MSFT,251.17,251.48,249.25,249.31,24426244
5/29/2021,MSFT,251,252.08,249.56,249.68,18274942
5/30/2021,MSFT,251,252.08,249.56,249.68,18274942
5/31/2021,MSFT,251,252.08,249.56,249.68,18274942
6/1/2021,MSFT,251,252.08,249.56,249.68,18274942
6/2/2021,MSFT,251.23,251.29,246.96,247.4,23213310
6/3/2021,MSFT,248.13,249.27,245.84,247.3,19406705
6/4/2021,MSFT,245.22,246.34,243,245.71,25307711
6/5/2021,MSFT,247.76,251.65,247.51,250.79,25281094
6/6/2021,MSFT,247.76,251.65,247.51,250.79,25281094
6/7/2021,MSFT,247.76,251.65,247.51,250.79,25281094
6/8/2021,MSFT,249.98,254.09,249.81,253.81,23079167
6/9/2021,MSFT,255.16,256.01,252.51,252.57,22454998
6/10/2021,MSFT,253.81,255.53,253.21,253.59,17937634
6/11/2021,MSFT,254.29,257.46,253.67,257.24,24563619
6/12/2021,MSFT,257.99,258.49,256.61,257.89,18999731
6/13/2021,MSFT,257.99,258.49,256.61,257.89,18999731
6/14/2021,MSFT,257.99,258.49,256.61,257.89,18999731
6/15/2021,MSFT,257.9,259.95,256.8,259.89,19150507
6/16/2021,MSFT,259.77,259.99,257.68,258.36,18038931
6/17/2021,MSFT,259.4,260.58,254.42,257.38,27219956
6/18/2021,MSFT,256.07,261.75,256.01,260.9,27565537
6/19/2021,MSFT,259.63,262.3,258.75,259.43,37202217
6/20/2021,MSFT,259.63,262.3,258.75,259.43,37202217
6/21/2021,MSFT,259.63,262.3,258.75,259.43,37202217
6/22/2021,MSFT,259.82,263.52,257.92,262.63,26696119
6/23/2021,MSFT,262.72,265.79,262.4,265.51,24694090
6/24/2021,MSFT,265.99,266.83,264.43,265.27,19518681
6/25/2021,MSFT,266.16,267.85,265.47,266.69,21446867
6/26/2021,MSFT,266.23,267.25,264.76,265.02,25611113
6/27/2021,MSFT,266.23,267.25,264.76,265.02,25611113
6/28/2021,MSFT,266.23,267.25,264.76,265.02,25611113
6/29/2021,MSFT,266.19,268.9,265.91,268.72,19590024
6/30/2021,MSFT,268.87,271.65,267.98,271.4,19937811
7/1/2021,MSFT,270.69,271.36,269.6,270.9,21656457
7/2/2021,MSFT,269.61,271.84,269.6,271.6,16725323
7/3/2021,MSFT,272.82,278,272.5,277.65,26474408
7/4/2021,MSFT,272.82,278,272.5,277.65,26474408
7/5/2021,MSFT,272.82,278,272.5,277.65,26474408
7/6/2021,MSFT,272.82,278,272.5,277.65,26474408
7/7/2021,MSFT,278.03,279.37,274.3,277.66,31565560
7/8/2021,MSFT,279.4,280.69,277.15,279.93,23260031
7/9/2021,MSFT,276.9,278.73,274.87,277.42,24618591
7/10/2021,MSFT,275.72,278.05,275.32,277.94,23916665
7/11/2021,MSFT,275.72,278.05,275.32,277.94,23916665
7/12/2021,MSFT,275.72,278.05,275.32,277.94,23916665
7/13/2021,MSFT,279.16,279.77,276.58,277.32,18931695
7/14/2021,MSFT,277.52,282.85,277.39,280.98,26120128
7/15/2021,MSFT,282.35,283.66,280.55,282.51,23113662
7/16/2021,MSFT,282,282.51,279.83,281.03,22604227
7/17/2021,MSFT,282.07,284.1,279.46,280.75,26186848
7/18/2021,MSFT,282.07,284.1,279.46,280.75,26186848
7/19/2021,MSFT,282.07,284.1,279.46,280.75,26186848
7/20/2021,MSFT,278.93,280.37,274.45,277.01,32935634
7/21/2021,MSFT,278.03,280.97,276.26,279.32,26259741
7/22/2021,MSFT,278.9,281.52,277.29,281.4,24364320
7/23/2021,MSFT,283.84,286.42,283.42,286.14,23384059
7/24/2021,MSFT,287.37,289.99,286.5,289.67,22768071
7/25/2021,MSFT,287.37,289.99,286.5,289.67,22768071
7/26/2021,MSFT,287.37,289.99,286.5,289.67,22768071
7/27/2021,MSFT,289,289.69,286.64,289.05,23176073
7/28/2021,MSFT,289.43,289.58,282.95,286.54,33604073
7/29/2021,MSFT,288.99,290.15,283.83,286.22,33566853
7/30/2021,MSFT,286.24,288.62,286.08,286.5,18168294
7/31/2021,MSFT,285.17,286.66,283.91,284.91,20944846
8/1/2021,MSFT,285.17,286.66,283.91,284.91,20944846
8/2/2021,MSFT,285.17,286.66,283.91,284.91,20944846
8/3/2021,MSFT,286.36,286.77,283.74,284.82,16267357
8/4/2021,MSFT,285.42,287.23,284,287.12,17879048
8/5/2021,MSFT,286.22,287.59,284.65,286.51,16191301
8/6/2021,MSFT,286.88,289.63,286.1,289.52,13900167
8/7/2021,MSFT,288.51,289.5,287.62,289.46,16589336
8/8/2021,MSFT,288.51,289.5,287.62,289.46,16589336
8/9/2021,MSFT,288.51,289.5,287.62,289.46,16589336
8/10/2021,MSFT,289.75,291.55,287.81,288.33,16117629
8/11/2021,MSFT,288.8,289.25,285.2,286.44,18616578
8/12/2021,MSFT,287.21,288.66,285.86,286.95,13955934
8/13/2021,MSFT,286.63,289.97,286.34,289.81,14570391
8/14/2021,MSFT,289.48,292.9,289.3,292.85,18249046
8/15/2021,MSFT,289.48,292.9,289.3,292.85,18249046
8/16/2021,MSFT,289.48,292.9,289.3,292.85,18249046
8/17/2021,MSFT,293.19,294.82,290.02,294.6,22516027
8/18/2021,MSFT,292.39,293.43,291.08,293.08,20075250
8/19/2021,MSFT,292.04,294.82,290.27,290.73,21812985
8/20/2021,MSFT,288.69,297.47,288.64,296.77,29850461
8/21/2021,MSFT,299.72,305.84,298.06,304.36,40817646
8/22/2021,MSFT,299.72,305.84,298.06,304.36,40817646
8/23/2021,MSFT,299.72,305.84,298.06,304.36,40817646
8/24/2021,MSFT,303.25,305.4,301.85,304.65,22830157
8/25/2021,MSFT,305.02,305.65,302,302.62,18175774
8/26/2021,MSFT,304.3,304.59,300.42,302.01,20006057
8/27/2021,MSFT,300.99,302.43,298.95,299.09,17666084
8/28/2021,MSFT,298.99,300.87,296.83,299.72,22605726
8/29/2021,MSFT,298.99,300.87,296.83,299.72,22605726
8/30/2021,MSFT,298.99,300.87,296.83,299.72,22605726
8/31/2021,MSFT,301.12,304.22,301.06,303.59,16348072
9/1/2021,MSFT,304.42,304.5,301.5,301.88,26285338
9/2/2021,MSFT,302.87,305.19,301.49,301.83,18983826
9/3/2021,MSFT,302.2,303.36,300.18,301.15,16290545
9/4/2021,MSFT,300.99,302.6,300.26,301.14,14751610
9/5/2021,MSFT,300.99,302.6,300.26,301.14,14751610
9/6/2021,MSFT,300.99,302.6,300.26,301.14,14751610
9/7/2021,MSFT,300.99,302.6,300.26,301.14,14751610
9/8/2021,MSFT,301.01,301.09,298.2,300.18,17184083
9/9/2021,MSFT,299.78,300.61,297.47,300.21,15046819
9/10/2021,MSFT,300.82,302.14,297,297.25,19927000
9/11/2021,MSFT,298.42,299.92,295.38,295.71,19633363
9/12/2021,MSFT,298.42,299.92,295.38,295.71,19633363
9/13/2021,MSFT,298.42,299.92,295.38,295.71,19633363
9/14/2021,MSFT,297.55,298.54,294.08,296.99,23652949
9/15/2021,MSFT,299.56,301.39,298.1,299.79,21853433
9/16/2021,MSFT,303.26,305.32,301.82,304.82,28356304
9/17/2021,MSFT,303.76,305.31,300.76,305.22,19550815
9/18/2021,MSFT,304.17,304.5,299.53,299.87,41372457
9/19/2021,MSFT,304.17,304.5,299.53,299.87,41372457
9/20/2021,MSFT,304.17,304.5,299.53,299.87,41372457
9/21/2021,MSFT,296.33,298.72,289.52,294.3,38278661
9/22/2021,MSFT,295.69,297.54,294.07,294.8,22364103
9/23/2021,MSFT,296.73,300.22,294.51,298.58,26626342
9/24/2021,MSFT,298.85,300.9,297.53,299.56,18604601
9/25/2021,MSFT,298.23,299.8,296.93,299.35,14998978
9/26/2021,MSFT,298.23,299.8,296.93,299.35,14998978
9/27/2021,MSFT,298.23,299.8,296.93,299.35,14998978
9/28/2021,MSFT,296.14,296.47,292.94,294.17,23571742
9/29/2021,MSFT,289.8,290.78,282.75,283.52,43186237
9/30/2021,MSFT,285.1,286.77,283.01,284,26353696
10/1/2021,MSFT,285.71,287.83,281.62,281.92,32343635
10/2/2021,MSFT,282.12,289.98,281.29,289.1,30086280
10/3/2021,MSFT,282.12,289.98,281.29,289.1,30086280
10/4/2021,MSFT,282.12,289.98,281.29,289.1,30086280
10/5/2021,MSFT,287.4,287.75,280.25,283.11,31350747
10/6/2021,MSFT,284.05,290.4,284.05,288.76,24993024
10/7/2021,MSFT,285.78,293.63,285.51,293.11,28002559
10/8/2021,MSFT,295.18,296.64,293.92,294.85,20430471
10/9/2021,MSFT,296.22,296.64,293.76,294.85,17685700
10/10/2021,MSFT,296.22,296.64,293.76,294.85,17685700
10/11/2021,MSFT,296.22,296.64,293.76,294.85,17685700
10/12/2021,MSFT,292.92,297.97,292.75,294.23,19298634
10/13/2021,MSFT,295.34,295.44,292.35,292.88,17974143
10/14/2021,MSFT,294.91,297.28,293.49,296.31,23424025
10/15/2021,MSFT,299.21,303.27,297.83,302.75,27262902
10/16/2021,MSFT,302.34,304.45,300.52,304.21,25384803
10/17/2021,MSFT,302.34,304.45,300.52,304.21,25384803
10/18/2021,MSFT,302.34,304.45,300.52,304.21,25384803
10/19/2021,MSFT,303.57,308.21,302.69,307.29,22729297
10/20/2021,MSFT,308.35,309.3,307.22,308.23,17682139
10/21/2021,MSFT,309.21,309.7,306.11,307.41,16537069
10/22/2021,MSFT,307.17,311.02,306.36,310.76,16918100
10/23/2021,MSFT,310.4,311.09,307.8,309.16,17449332
10/24/2021,MSFT,310.4,311.09,307.8,309.16,17449332
10/25/2021,MSFT,310.4,311.09,307.8,309.16,17449332
10/26/2021,MSFT,309.36,309.4,306.46,308.13,17554469
10/27/2021,MSFT,311,312.4,308.6,310.11,28107349
10/28/2021,MSFT,316,326.1,316,323.17,52588690
10/29/2021,MSFT,324.33,324.87,321.36,324.35,26297943
10/30/2021,MSFT,324.13,332,323.9,331.62,34765982
10/31/2021,MSFT,324.13,332,323.9,331.62,34765982
11/1/2021,MSFT,324.13,332,323.9,331.62,34765982
11/2/2021,MSFT,331.36,331.49,326.37,329.37,27073182
11/3/2021,MSFT,330.31,333.45,330,333.13,26487109
11/4/2021,MSFT,333.9,334.9,330.65,334,21500082
11/5/2021,MSFT,332.89,336.54,329.51,336.44,23992202
11/6/2021,MSFT,338.51,338.79,334.42,336.06,22570098
11/7/2021,MSFT,338.51,338.79,334.42,336.06,22570098
11/8/2021,MSFT,338.51,338.79,334.42,336.06,22570098
11/9/2021,MSFT,337.3,337.65,334.44,336.99,20897001
11/10/2021,MSFT,337.11,338.72,334.53,335.95,21307370
11/11/2021,MSFT,334.57,334.63,329.92,330.8,25500938
11/12/2021,MSFT,331.25,333.77,330.51,332.43,16849844
11/13/2021,MSFT,333.92,337.23,333.79,336.72,23831049
11/14/2021,MSFT,333.92,337.23,333.79,336.72,23831049
11/15/2021,MSFT,333.92,337.23,333.79,336.72,23831049
11/16/2021,MSFT,337.54,337.88,334.03,336.07,16723009
11/17/2021,MSFT,335.68,340.67,335.51,339.51,20886832
11/18/2021,MSFT,338.94,342.19,338,339.12,19053380
11/19/2021,MSFT,338.18,342.45,337.12,341.27,22463533
11/20/2021,MSFT,342.64,345.1,342.2,343.11,21963403
11/21/2021,MSFT,342.64,345.1,342.2,343.11,21963403
11/22/2021,MSFT,342.64,345.1,342.2,343.11,21963403
11/23/2021,MSFT,344.62,349.67,339.55,339.83,31031113
11/24/2021,MSFT,337.05,339.45,333.56,337.68,30427563
11/25/2021,MSFT,336.28,338.16,333.91,337.91,21661307
11/26/2021,MSFT,336.28,338.16,333.91,337.91,21661307
11/27/2021,MSFT,334.35,337.93,328.12,329.68,24217242
11/28/2021,MSFT,334.35,337.93,328.12,329.68,24217242
11/29/2021,MSFT,334.35,337.93,328.12,329.68,24217242
11/30/2021,MSFT,334.94,339.03,334.74,336.63,28563481
12/1/2021,MSFT,335.32,337.78,328.99,330.59,42885609
12/2/2021,MSFT,335.13,339.28,329.39,330.08,33401146
12/3/2021,MSFT,330.3,333.49,327.8,329.49,30765980
12/4/2021,MSFT,331.99,332.7,318.03,323.01,41779279
12/5/2021,MSFT,331.99,332.7,318.03,323.01,41779279
12/6/2021,MSFT,331.99,332.7,318.03,323.01,41779279
12/7/2021,MSFT,323.95,327.45,319.23,326.19,30032556
12/8/2021,MSFT,331.64,335.8,330.1,334.92,31021936
12/9/2021,MSFT,335.31,335.5,330.8,334.97,24760988
12/10/2021,MSFT,334.41,336.49,332.12,333.1,22214158
12/11/2021,MSFT,334.98,343,334.79,342.54,38095694
12/12/2021,MSFT,334.98,343,334.79,342.54,38095694
12/13/2021,MSFT,334.98,343,334.79,342.54,38095694
12/14/2021,MSFT,340.68,343.79,339.08,339.4,28899431
12/15/2021,MSFT,333.22,334.64,324.11,328.34,44438699
12/16/2021,MSFT,328.61,335.19,324.5,334.65,35381122
12/17/2021,MSFT,335.71,336.76,323.02,324.9,35034831
12/18/2021,MSFT,320.88,324.92,317.25,323.8,47983713
12/19/2021,MSFT,320.88,324.92,317.25,323.8,47983713
12/20/2021,MSFT,320.88,324.92,317.25,323.8,47983713
12/21/2021,MSFT,320.05,322.8,317.57,319.91,28326532
12/22/2021,MSFT,323.29,327.73,319.8,327.29,24740597
12/23/2021,MSFT,328.3,333.61,325.75,333.2,24831493
12/24/2021,MSFT,332.75,336.39,332.73,334.69,19617848
12/25/2021,MSFT,332.75,336.39,332.73,334.69,19617848
12/26/2021,MSFT,332.75,336.39,332.73,334.69,19617848
12/27/2021,MSFT,332.75,336.39,332.73,334.69,19617848
12/28/2021,MSFT,335.46,342.48,335.43,342.45,19947029
12/29/2021,MSFT,343.15,343.81,340.32,341.25,15661467
12/30/2021,MSFT,341.3,344.3,339.68,341.95,15041956
12/31/2021,MSFT,341.91,343.13,338.82,339.32,15994471
1/1/2022,MSFT,341.91,343.13,338.82,339.32,15994471
1/2/2022,MSFT,341.91,343.13,338.82,339.32,15994471
1/3/2022,MSFT,341.91,343.13,338.82,339.32,15994471
1/4/2022,MSFT,335.35,338,329.78,334.75,28918013
1/5/2022,MSFT,335.35,338,329.78,334.75,28918013
1/6/2022,MSFT,335.35,338,329.78,334.75,28918013
1/7/2022,MSFT,335.35,338,329.78,334.75,28918013
1/8/2022,MSFT,335.35,338,329.78,334.75,28918013
1/9/2022,MSFT,335.35,338,329.78,334.75,28918013
1/10/2022,MSFT,335.35,338,329.78,334.75,28918013
1/11/2022,MSFT,335.35,338,329.78,334.75,28918013
1/12/2022,MSFT,335.35,338,329.78,334.75,28918013
1/13/2022,MSFT,335.35,338,329.78,334.75,28918013
1/14/2022,MSFT,335.35,338,329.78,334.75,28918013
1/15/2022,MSFT,335.35,338,329.78,334.75,28918013
1/16/2022,MSFT,335.35,338,329.78,334.75,28918013
1/17/2022,MSFT,335.35,338,329.78,334.75,28918013
1/18/2022,MSFT,335.35,338,329.78,334.75,28918013
1/19/2022,MSFT,335.35,338,329.78,334.75,28918013
1/20/2022,MSFT,335.35,338,329.78,334.75,28918013
1/21/2022,MSFT,335.35,338,329.78,334.75,28918013
1/22/2022,MSFT,335.35,338,329.78,334.75,28918013
1/23/2022,MSFT,335.35,338,329.78,334.75,28918013
1/24/2022,MSFT,335.35,338,329.78,334.75,28918013
1/25/2022,MSFT,335.35,338,329.78,334.75,28918013
1/26/2022,MSFT,335.35,338,329.78,334.75,28918013
1/27/2022,MSFT,335.35,338,329.78,334.75,28918013
1/28/2022,MSFT,335.35,338,329.78,334.75,28918013
1/29/2022,MSFT,335.35,338,329.78,334.75,28918013
1/30/2022,MSFT,335.35,338,329.78,334.75,28918013
1/31/2022,MSFT,335.35,338,329.78,334.75,28918013
2/1/2022,MSFT,335.35,338,329.78,334.75,28918013
2/2/2022,MSFT,335.35,338,329.78,334.75,28918013
2/3/2022,MSFT,335.35,338,329.78,334.75,28918013
2/4/2022,MSFT,335.35,338,329.78,334.75,28918013
2/5/2022,MSFT,335.35,338,329.78,334.75,28918013
2/6/2022,MSFT,335.35,338,329.78,334.75,28918013
2/7/2022,MSFT,335.35,338,329.78,334.75,28918013
2/8/2022,MSFT,335.35,338,329.78,334.75,28918013
2/9/2022,MSFT,335.35,338,329.78,334.75,28918013
2/10/2022,MSFT,335.35,338,329.78,334.75,28918013
2/11/2022,MSFT,335.35,338,329.78,334.75,28918013
2/12/2022,MSFT,335.35,338,329.78,334.75,28918013
2/13/2022,MSFT,335.35,338,329.78,334.75,28918013
2/14/2022,MSFT,335.35,338,329.78,334.75,28918013
2/15/2022,MSFT,335.35,338,329.78,334.75,28918013
2/16/2022,MSFT,335.35,338,329.78,334.75,28918013
2/17/2022,MSFT,335.35,338,329.78,334.75,28918013
2/18/2022,MSFT,335.35,338,329.78,334.75,28918013
2/19/2022,MSFT,335.35,338,329.78,334.75,28918013
2/20/2022,MSFT,335.35,338,329.78,334.75,28918013
2/21/2022,MSFT,335.35,338,329.78,334.75,28918013
2/22/2022,MSFT,335.35,338,329.78,334.75,28918013
2/23/2022,MSFT,335.35,338,329.78,334.75,28918013
2/24/2022,MSFT,335.35,338,329.78,334.75,28918013
2/25/2022,MSFT,335.35,338,329.78,334.75,28918013
2/26/2022,MSFT,335.35,338,329.78,334.75,28918013
2/27/2022,MSFT,335.35,338,329.78,334.75,28918013
2/28/2022,MSFT,335.35,338,329.78,334.75,28918013
3/1/2022,MSFT,335.35,338,329.78,334.75,28918013
3/2/2022,MSFT,335.35,338,329.78,334.75,28918013
3/3/2022,MSFT,335.35,338,329.78,334.75,28918013
3/4/2022,MSFT,335.35,338,329.78,334.75,28918013
3/5/2022,MSFT,335.35,338,329.78,334.75,28918013
3/6/2022,MSFT,335.35,338,329.78,334.75,28918013
3/7/2022,MSFT,335.35,338,329.78,334.75,28918013
3/8/2022,MSFT,335.35,338,329.78,334.75,28918013
3/9/2022,MSFT,335.35,338,329.78,334.75,28918013
3/10/2022,MSFT,335.35,338,329.78,334.75,28918013
3/11/2022,MSFT,335.35,338,329.78,334.75,28918013
3/12/2022,MSFT,335.35,338,329.78,334.75,28918013
3/13/2022,MSFT,335.35,338,329.78,334.75,28918013
3/14/2022,MSFT,335.35,338,329.78,334.75,28918013
3/15/2022,MSFT,335.35,338,329.78,334.75,28918013
3/16/2022,MSFT,335.35,338,329.78,334.75,28918013
3/17/2022,MSFT,335.35,338,329.78,334.75,28918013
3/18/2022,MSFT,335.35,338,329.78,334.75,28918013
3/19/2022,MSFT,335.35,338,329.78,334.75,28918013
3/20/2022,MSFT,335.35,338,329.78,334.75,28918013
3/21/2022,MSFT,335.35,338,329.78,334.75,28918013
3/22/2022,MSFT,335.35,338,329.78,334.75,28918013
3/23/2022,MSFT,335.35,338,329.78,334.75,28918013
3/24/2022,MSFT,335.35,338,329.78,334.75,28918013
3/25/2022,MSFT,335.35,338,329.78,334.75,28918013
3/26/2022,MSFT,335.35,338,329.78,334.75,28918013
3/27/2022,MSFT,335.35,338,329.78,334.75,28918013
3/28/2022,MSFT,335.35,338,329.78,334.75,28918013
3/29/2022,MSFT,335.35,338,329.78,334.75,28918013
3/30/2022,MSFT,335.35,338,329.78,334.75,28918013
3/31/2022,MSFT,335.35,338,329.78,334.75,28918013
4/1/2022,MSFT,335.35,338,329.78,334.75,28918013
4/2/2022,MSFT,335.35,338,329.78,334.75,28918013
4/3/2022,MSFT,335.35,338,329.78,334.75,28918013
4/4/2022,MSFT,335.35,338,329.78,334.75,28918013
4/5/2022,MSFT,335.35,338,329.78,334.75,28918013
4/6/2022,MSFT,335.35,338,329.78,334.75,28918013
4/7/2022,MSFT,335.35,338,329.78,334.75,28918013
4/8/2022,MSFT,335.35,338,329.78,334.75,28918013
4/9/2022,MSFT,335.35,338,329.78,334.75,28918013
4/10/2022,MSFT,335.35,338,329.78,334.75,28918013
4/11/2022,MSFT,335.35,338,329.78,334.75,28918013
4/12/2022,MSFT,335.35,338,329.78,334.75,28918013
4/13/2022,MSFT,335.35,338,329.78,334.75,28918013
4/14/2022,MSFT,335.35,338,329.78,334.75,28918013
4/15/2022,MSFT,335.35,338,329.78,334.75,28918013
4/16/2022,MSFT,335.35,338,329.78,334.75,28918013
4/17/2022,MSFT,335.35,338,329.78,334.75,28918013
4/18/2022,MSFT,335.35,338,329.78,334.75,28918013
4/19/2022,MSFT,335.35,338,329.78,334.75,28918013
4/20/2022,MSFT,335.35,338,329.78,334.75,28918013
4/21/2022,MSFT,335.35,338,329.78,334.75,28918013
4/22/2022,MSFT,335.35,338,329.78,334.75,28918013
4/23/2022,MSFT,335.35,338,329.78,334.75,28918013
4/24/2022,MSFT,335.35,338,329.78,334.75,28918013
4/25/2022,MSFT,335.35,338,329.78,334.75,28918013
4/26/2022,MSFT,335.35,338,329.78,334.75,28918013
4/27/2022,MSFT,335.35,338,329.78,334.75,28918013
4/28/2022,MSFT,335.35,338,329.78,334.75,28918013
4/29/2022,MSFT,335.35,338,329.78,334.75,28918013
4/30/2022,MSFT,335.35,338,329.78,334.75,28918013
5/1/2022,MSFT,335.35,338,329.78,334.75,28918013
5/2/2022,MSFT,335.35,338,329.78,334.75,28918013
5/3/2022,MSFT,335.35,338,329.78,334.75,28918013
5/4/2022,MSFT,335.35,338,329.78,334.75,28918013
5/5/2022,MSFT,335.35,338,329.78,334.75,28918013
5/6/2022,MSFT,335.35,338,329.78,334.75,28918013
5/7/2022,MSFT,335.35,338,329.78,334.75,28918013
5/8/2022,MSFT,335.35,338,329.78,334.75,28918013
5/9/2022,MSFT,335.35,338,329.78,334.75,28918013
5/10/2022,MSFT,335.35,338,329.78,334.75,28918013
5/11/2022,MSFT,335.35,338,329.78,334.75,28918013
5/12/2022,MSFT,335.35,338,329.78,334.75,28918013
5/13/2022,MSFT,335.35,338,329.78,334.75,28918013
5/14/2022,MSFT,335.35,338,329.78,334.75,28918013
5/15/2022,MSFT,335.35,338,329.78,334.75,28918013
5/16/2022,MSFT,335.35,338,329.78,334.75,28918013
5/17/2022,MSFT,335.35,338,329.78,334.75,28918013
5/18/2022,MSFT,335.35,338,329.78,334.75,28918013
5/19/2022,MSFT,335.35,338,329.78,334.75,28918013
5/20/2022,MSFT,335.35,338,329.78,334.75,28918013
5/21/2022,MSFT,335.35,338,329.78,334.75,28918013
5/22/2022,MSFT,335.35,338,329.78,334.75,28918013
5/23/2022,MSFT,335.35,338,329.78,334.75,28918013
5/24/2022,MSFT,335.35,338,329.78,334.75,28918013
5/25/2022,MSFT,335.35,338,329.78,334.75,28918013
5/26/2022,MSFT,335.35,338,329.78,334.75,28918013
5/27/2022,MSFT,335.35,338,329.78,334.75,28918013
5/28/2022,MSFT,335.35,338,329.78,334.75,28918013
5/29/2022,MSFT,335.35,338,329.78,334.75,28918013
5/30/2022,MSFT,335.35,338,329.78,334.75,28918013
5/31/2022,MSFT,335.35,338,329.78,334.75,28918013
6/1/2022,MSFT,335.35,338,329.78,334.75,28918013
6/2/2022,MSFT,335.35,338,329.78,334.75,28918013
6/3/2022,MSFT,335.35,338,329.78,334.75,28918013
6/4/2022,MSFT,335.35,338,329.78,334.75,28918013
6/5/2022,MSFT,335.35,338,329.78,334.75,28918013
6/6/2022,MSFT,335.35,338,329.78,334.75,28918013
6/7/2022,MSFT,335.35,338,329.78,334.75,28918013
6/8/2022,MSFT,335.35,338,329.78,334.75,28918013
6/9/2022,MSFT,335.35,338,329.78,334.75,28918013
6/10/2022,MSFT,335.35,338,329.78,334.75,28918013
6/11/2022,MSFT,335.35,338,329.78,334.75,28918013
6/12/2022,MSFT,335.35,338,329.78,334.75,28918013
6/13/2022,MSFT,335.35,338,329.78,334.75,28918013
6/14/2022,MSFT,335.35,338,329.78,334.75,28918013
6/15/2022,MSFT,335.35,338,329.78,334.75,28918013
6/16/2022,MSFT,335.35,338,329.78,334.75,28918013
6/17/2022,MSFT,335.35,338,329.78,334.75,28918013
6/18/2022,MSFT,335.35,338,329.78,334.75,28918013
6/19/2022,MSFT,335.35,338,329.78,334.75,28918013
6/20/2022,MSFT,335.35,338,329.78,334.75,28918013
6/21/2022,MSFT,335.35,338,329.78,334.75,28918013
6/22/2022,MSFT,335.35,338,329.78,334.75,28918013
6/23/2022,MSFT,335.35,338,329.78,334.75,28918013
6/24/2022,MSFT,335.35,338,329.78,334.75,28918013
6/25/2022,MSFT,335.35,338,329.78,334.75,28918013
6/26/2022,MSFT,335.35,338,329.78,334.75,28918013
6/27/2022,MSFT,335.35,338,329.78,334.75,28918013
6/28/2022,MSFT,335.35,338,329.78,334.75,28918013
6/29/2022,MSFT,335.35,338,329.78,334.75,28918013
6/30/2022,MSFT,335.35,338,329.78,334.75,28918013