Date,Open,High,Low,Close,Volume
2/1/2013 16:00,26.47,27.8,26.18,27.65,1099294
2/4/2013 16:00,27.71,29.08,27.6,28.41,952099
2/5/2013 16:00,28.96,28.96,27.97,28.54,447164
2/6/2013 16:00,28.1,28.74,27.8,27.98,377202
2/7/2013 16:00,27.93,28.09,27.43,27.55,276266
2/8/2013 16:00,27.6,28.31,27.32,27.91,380107
2/11/2013 16:00,27.78,27.84,27.43,27.68,576836
2/12/2013 16:00,28.91,29.5,28.24,28.32,1876780
2/13/2013 16:00,28.81,29.54,28.29,28.92,772492
2/14/2013 16:00,28.82,29.4,28.6,29.25,431874
2/15/2013 16:00,29.48,30.41,29.48,30.27,1418622
2/19/2013 16:00,30.47,31.33,30.45,31.19,497729
2/20/2013 16:00,31.19,31.91,30.56,30.8,612603
2/21/2013 16:00,30.54,31,29.76,30.47,481358
2/22/2013 16:00,30.95,31.31,29.46,29.99,571182
2/25/2013 16:00,31.34,31.41,30.18,30.78,471692
2/26/2013 16:00,30.81,31.08,29.79,30.21,418210
2/27/2013 16:00,30.56,30.7,29.83,30.26,294344
2/28/2013 16:00,30.55,31.08,30.03,30.98,234810
3/1/2013 16:00,30.5,31.68,30.26,30.99,688121
3/4/2013 16:00,30.55,31.25,30.26,30.45,274401
3/5/2013 16:00,30.12,30.74,29.85,30.03,365952
3/6/2013 16:00,30.19,30.4,29.85,30.02,153019
3/7/2013 16:00,29.85,30.42,29.85,30.29,306776
3/8/2013 16:00,30.98,30.98,29.12,30.3,679211
3/11/2013 16:00,30.5,30.69,29.99,30.66,315923
3/12/2013 16:00,30.33,31,30.33,30.85,770655
3/13/2013 16:00,30.93,31,30.48,30.78,321593
3/14/2013 16:00,30.73,30.96,29.89,30,785477
3/15/2013 16:00,29.6,30.09,29.55,29.82,798637
3/18/2013 16:00,29.8,30.62,29.62,30.29,389523
3/19/2013 16:00,30.29,30.69,29.78,30.26,133403
3/20/2013 16:00,30.27,30.99,30.25,30.5,162824
3/21/2013 16:00,30.39,30.75,29.93,30.03,96880
3/22/2013 16:00,30.03,30.26,29.91,30.18,112742
3/25/2013 16:00,30.14,30.16,29.31,29.48,563117
3/26/2013 16:00,29.93,30,29.02,29.54,410896
3/27/2013 16:00,29.41,30.33,29.26,30.15,215385
3/28/2013 16:00,30.01,30.44,29.43,29.65,2345693
4/1/2013 16:00,29.79,29.95,29.34,29.93,640018
4/2/2013 16:00,29.98,30.54,29.18,29.92,638973
4/3/2013 16:00,29.82,30.39,28.57,29.19,1083653
4/4/2013 16:00,29.1,29.36,28.51,29.27,441956
4/5/2013 16:00,29.02,29.39,28.59,29.3,334645
4/8/2013 16:00,29.41,30.16,29.12,29.99,246162
4/9/2013 16:00,30.15,30.37,29.45,30.34,250154
4/10/2013 16:00,30.46,30.95,29.8,30.53,265775
4/11/2013 16:00,30.33,30.87,30.06,30.64,112666
4/12/2013 16:00,30.51,30.85,29.76,30.5,115050
4/15/2013 16:00,30.41,30.52,29.94,30.07,144251
4/16/2013 16:00,30.18,30.48,29,30,451955
4/17/2013 16:00,29.95,29.95,29.21,29.55,224220
4/18/2013 16:00,29.65,29.85,29.33,29.34,175882
4/19/2013 16:00,29.52,29.52,28.86,29.43,118352
4/22/2013 16:00,29.42,29.71,29.01,29.38,210727
4/23/2013 16:00,29.51,29.79,29.15,29.34,137140
4/24/2013 16:00,29.4,29.4,28.75,28.9,197038
4/25/2013 16:00,29.59,30.37,29.1,30.06,1192653
4/26/2013 16:00,30.45,30.45,29.58,30.39,209106
4/29/2013 16:00,30.5,30.52,30.16,30.36,381608
4/30/2013 16:00,30.33,31.07,29.51,31.01,429627
5/1/2013 16:00,31.36,31.37,30.46,31.09,408676
5/2/2013 16:00,31.15,31.8,30.6,31.36,214886
5/3/2013 16:00,31.39,32,31.3,31.53,150686
5/6/2013 16:00,31.66,32.32,30.48,31.82,866065
5/7/2013 16:00,31.9,32.93,31.01,31.66,833201
5/8/2013 16:00,31.82,32.07,31.38,31.9,325232
5/9/2013 16:00,31.54,32.08,31.01,31.71,252272
5/10/2013 16:00,31.68,31.84,30.86,31.01,274187
5/13/2013 16:00,31.06,31.06,29.91,30.46,288922
5/14/2013 16:00,30.6,30.79,30.21,30.76,491643
5/15/2013 16:00,30.63,31.45,30.55,31.36,274508
5/16/2013 16:00,31.4,31.73,31.31,31.42,339392
5/17/2013 16:00,31.19,31.84,31.1,31.56,841218
5/20/2013 16:00,31.61,32.44,31.35,32.03,286401
5/21/2013 16:00,31.8,32.34,31.69,32,254499
5/22/2013 16:00,31.84,32.4,30.96,31.8,354818
5/23/2013 16:00,31.51,32.07,31.2,31.96,205732
5/24/2013 16:00,31.81,32.19,31.81,32.15,168202
5/28/2013 16:00,32.23,32.44,31.42,31.75,690334
5/29/2013 16:00,31.6,31.83,31.35,31.57,321556
5/30/2013 16:00,31.32,31.89,30.54,30.82,296098
5/31/2013 16:00,30.77,31.4,30.49,30.75,211732
6/3/2013 16:00,30.85,31.55,30.79,31.35,659736
6/4/2013 16:00,31.26,31.8,31.26,31.41,358021
6/5/2013 16:00,31.42,31.57,30.63,30.85,529653
6/6/2013 16:00,30.8,30.97,30.14,30.79,367671
6/7/2013 16:00,30.98,31.64,30.51,31.24,425545
6/10/2013 16:00,31.47,32.08,30.91,31.17,587089
6/11/2013 16:00,31.07,31.84,30.49,31.65,229264
6/12/2013 16:00,31.7,31.87,30.86,31.11,218526
6/13/2013 16:00,30.94,31.5,30.51,31.08,414860
6/14/2013 16:00,31,31.76,30.04,31.28,344012
6/17/2013 16:00,31.16,31.66,30.75,31.19,194482
6/18/2013 16:00,31.13,31.62,30.84,31.55,359264
6/19/2013 16:00,31.6,32,31.2,31.3,197363
6/20/2013 16:00,31.09,31.67,30.79,31.28,295437
6/21/2013 16:00,31.25,31.25,29.66,29.72,1503862
6/24/2013 16:00,30.84,30.85,28.25,28.27,620317
6/25/2013 16:00,28,29.27,28,28.76,322719
6/26/2013 16:00,28.84,29.68,28.84,29.43,166773
6/27/2013 16:00,29.7,30.4,29.35,30.03,451263
6/28/2013 16:00,29.8,30.8,29.79,30.31,731523
7/1/2013 16:00,30.34,31,30.1,30.95,337705
7/2/2013 16:00,30.67,31.15,30.2,30.48,411584
7/3/2013 16:00,30.45,30.72,29.26,30.59,538450
7/5/2013 16:00,30.65,31.68,30.65,31.65,144604
7/8/2013 16:00,31.75,32.27,30.98,31.79,286513
7/9/2013 16:00,31.84,32,31.38,31.76,177917
7/10/2013 16:00,31.68,31.68,31.15,31.5,106791
7/11/2013 16:00,31.66,31.66,31.41,31.43,270245
7/12/2013 16:00,31.22,31.6,31.08,31.53,116341
7/15/2013 16:00,31.56,31.67,31.33,31.38,88655
7/16/2013 16:00,31.46,31.63,31.28,31.4,129734
7/17/2013 16:00,31.61,31.74,31.02,31.35,252915
7/18/2013 16:00,31.49,31.49,30.97,31.37,332326
7/19/2013 16:00,31.14,31.27,30.91,31.2,57505
7/22/2013 16:00,31.35,31.38,31.03,31.3,95713
7/23/2013 16:00,31.4,31.4,30.6,31.13,110761
7/24/2013 16:00,31.04,31.04,30.46,30.72,75042
7/25/2013 16:00,30.73,30.74,30.16,30.27,262274
7/26/2013 16:00,30.25,31.19,30.1,30.97,569170
7/29/2013 16:00,30.77,31.39,29.65,30.26,493994
7/30/2013 16:00,30.36,30.36,29.67,29.76,200352
7/31/2013 16:00,29.76,30.86,29.32,30.31,563472
8/1/2013 16:00,30.5,30.5,29.88,30.25,770098
8/2/2013 16:00,30.07,30.94,30.06,30.59,145939
8/5/2013 16:00,30.54,30.92,30.47,30.74,325623
8/6/2013 16:00,30.64,30.84,30.08,30.26,173633
8/7/2013 16:00,30.36,30.49,30.08,30.18,102478
8/8/2013 16:00,28.92,30.46,28.28,30.05,1108248
8/9/2013 16:00,30.47,31.28,30.33,31.02,9222499
8/12/2013 16:00,30.99,31.62,30.87,31.6,933104
8/13/2013 16:00,31.45,32.31,31.28,32.22,912890
8/14/2013 16:00,32.06,32.7,31.6,32.44,637081
8/15/2013 16:00,32.17,32.84,31.66,32.79,737287
8/16/2013 16:00,32.92,32.93,31.92,31.97,1780036
8/19/2013 16:00,32.44,32.48,31.14,31.46,914914
8/20/2013 16:00,31.21,31.66,30.97,31.46,471103
8/21/2013 16:00,31.17,31.95,31.06,31.8,399526
8/22/2013 16:00,31.73,32.49,31.58,32.42,312719
8/23/2013 16:00,32.22,32.27,31.62,31.78,637904
8/26/2013 16:00,31.93,31.93,31.57,31.69,470528
8/27/2013 16:00,31.4,31.5,31.02,31.21,622801
8/28/2013 16:00,31.1,31.32,30.86,31.1,413288
8/29/2013 16:00,30.97,31.26,30.83,31.21,341335
8/30/2013 16:00,31.13,31.26,30.91,31.09,379151
9/3/2013 16:00,31.35,32.06,31.01,31.46,498107
9/4/2013 16:00,31.92,32.04,30.95,31.16,571295
9/5/2013 16:00,31.07,31.52,30.88,31.15,564396
9/6/2013 16:00,31.37,31.52,30.87,31.31,186235
9/9/2013 16:00,31.43,31.74,30.98,31.19,485060
9/10/2013 16:00,31.43,31.94,31.2,31.75,370820
9/11/2013 16:00,31.6,32.07,31.21,31.8,348486
9/12/2013 16:00,31.93,32.19,31.84,31.88,440665
9/13/2013 16:00,31.98,32.61,31.75,32.57,375006
9/16/2013 16:00,32.76,32.89,32.09,32.3,325414
9/17/2013 16:00,32.25,33.26,32.1,33.18,458400
9/18/2013 16:00,33.05,33.24,32.42,33.06,210604
9/19/2013 16:00,33.01,33.56,32.86,33.19,297634
9/20/2013 16:00,33.14,33.16,32.63,33.05,488732
9/23/2013 16:00,33.06,33.67,32.76,32.84,212382
9/24/2013 16:00,32.69,32.94,31.81,31.94,553992
9/25/2013 16:00,31.83,32.09,31.41,31.65,615194
9/26/2013 16:00,31.6,31.84,31.13,31.27,644059
9/27/2013 16:00,31.12,31.31,30.47,31.02,359105
9/30/2013 16:00,30.73,30.98,30.19,30.85,924030
10/1/2013 16:00,30.86,31.17,30.56,30.83,1035592
10/2/2013 16:00,30.15,31.4,29.86,31.34,1862481
10/3/2013 16:00,31.21,31.42,30.4,30.54,398889
10/4/2013 16:00,30.98,31.97,30.7,31.25,1053070
10/7/2013 16:00,31.15,31.32,30.79,30.85,417784
10/8/2013 16:00,30.82,31.05,29.82,30.2,1213091
10/9/2013 16:00,30.15,30.59,30,30.32,808182
10/10/2013 16:00,30.68,30.99,30.31,30.89,343915
10/11/2013 16:00,30.96,31.52,30.61,30.74,382157
10/14/2013 16:00,30.52,30.67,29.96,30.48,356268
10/15/2013 16:00,30.48,30.82,29.94,30.16,564595
10/16/2013 16:00,30.23,30.23,29.5,29.93,865320
10/17/2013 16:00,29.98,30.17,28.57,29.81,1292275
10/18/2013 16:00,30.49,30.66,29.83,30.06,1015687
10/21/2013 16:00,31.17,31.63,30.68,31.22,1364667
10/22/2013 16:00,31.26,32.03,31.09,31.99,787476
10/23/2013 16:00,31.98,32.6,31.64,32.35,713210
10/24/2013 16:00,32.69,33.5,32.33,32.87,1389407
10/25/2013 16:00,32.68,33.3,32.34,32.44,1265478
10/28/2013 16:00,32.69,33.3,31.8,32.06,1616085
10/29/2013 16:00,33.3,33.42,31.3,32.23,3081054
10/30/2013 16:00,32.25,32.91,31.8,32.12,494267
10/31/2013 16:00,32.04,32.32,31.56,32.02,408902
11/1/2013 16:00,32.04,32.42,31.67,32.28,206387
11/4/2013 16:00,32.05,32.85,32.05,32.72,514074
11/5/2013 16:00,32.71,32.71,31.78,31.86,310970
11/6/2013 16:00,32.01,32.29,31.77,32.24,152644
11/7/2013 16:00,32.45,32.63,31.12,31.31,381047
11/8/2013 16:00,31.37,31.98,31.3,31.42,261420
11/11/2013 16:00,31.48,32.21,31.34,32.1,215044
11/12/2013 16:00,32.03,32.33,31.8,31.97,544313
11/13/2013 16:00,31.77,32.15,31.55,32.09,177583
11/14/2013 16:00,32.04,32.12,31.66,31.91,199489
11/15/2013 16:00,32.02,33.12,31.5,33.07,515911
11/18/2013 16:00,33.03,33.82,32.76,33.13,642580
11/19/2013 16:00,33.05,33.4,32.76,32.87,268271
11/20/2013 16:00,32.25,32.78,31.77,32.75,457137
11/21/2013 16:00,32.95,33.33,32.67,33.2,332091
11/22/2013 16:00,33.2,33.61,33,33.57,910559
11/25/2013 16:00,33.75,33.81,33.11,33.55,487489
11/26/2013 16:00,33.44,34.26,33.44,33.99,767568
11/27/2013 16:00,33.97,34.55,33.95,34.36,311532
11/29/2013 16:00,34.42,34.49,34,34.1,132043
12/2/2013 16:00,34.05,34.44,33.93,34.12,238478
12/3/2013 16:00,33.43,34.17,33.16,33.55,1968086
12/4/2013 16:00,33.65,33.86,33.2,33.24,10129044
12/5/2013 16:00,33.25,33.45,32.99,33,1328749
12/6/2013 16:00,33.09,33.64,33.01,33.52,906035
12/9/2013 16:00,33.68,33.73,33.24,33.56,463371
12/10/2013 16:00,33.41,33.6,33.24,33.24,409067
12/11/2013 16:00,33.25,33.42,33,33,686916
12/12/2013 16:00,33.14,33.14,32.03,32.11,823667
12/13/2013 16:00,32.27,32.48,31.5,31.65,921928
12/16/2013 16:00,31.87,32.48,31.66,32.29,594668
12/17/2013 16:00,32.4,32.52,32,32.14,545185
12/18/2013 16:00,32.25,32.43,31.7,31.9,556107
12/19/2013 16:00,32.2,33.5,32.13,33.16,1533077
12/20/2013 16:00,33.29,34.94,33.18,34.52,4017727
12/23/2013 16:00,34.58,34.88,33.97,34.75,674823
12/24/2013 16:00,34.75,35.16,34.54,35.1,313392
12/26/2013 16:00,35.09,35.17,34.68,35.06,435173
12/27/2013 16:00,35.03,35.32,35.01,35.12,132462
12/30/2013 16:00,35.19,35.52,34.93,35.25,420150
12/31/2013 16:00,35.24,35.97,35.15,35.47,563031
1/2/2014 16:00,35.16,35.4,34.46,34.64,428429
1/3/2014 16:00,34.83,35.04,34.41,34.64,484741
1/6/2014 16:00,34.51,34.82,33.93,33.96,377931
1/7/2014 16:00,34.01,34.55,33.84,33.88,640738
1/8/2014 16:00,33.86,34.48,33.78,34.32,223735
1/9/2014 16:00,34.25,34.85,34.21,34.72,591254
1/10/2014 16:00,34.89,35.54,34.51,35.25,688717
1/13/2014 16:00,35.14,35.33,34.72,34.84,421403
1/14/2014 16:00,35.16,36.43,34.77,35.85,1164785
1/15/2014 16:00,36.08,37.05,35.85,36.89,840250
1/16/2014 16:00,36.72,37.3,36.37,36.91,818659
1/17/2014 16:00,36.78,37.08,36.48,36.54,318956
1/21/2014 16:00,36.45,36.79,36.03,36.22,707985
1/22/2014 16:00,36.3,36.9,36.08,36.7,893877
1/23/2014 16:00,36.45,37,35.61,36.04,1076930
1/24/2014 16:00,35.87,35.87,35.14,35.26,998746
1/27/2014 16:00,35.49,35.92,34.39,34.74,903214
1/28/2014 16:00,34.82,35.41,34.55,34.88,794449
1/29/2014 16:00,34.56,34.9,34.18,34.44,682818
1/30/2014 16:00,34.34,35.37,34.29,35.06,654979
1/31/2014 16:00,34.66,35.29,34.36,35.02,616457
2/3/2014 16:00,35.02,35.3,34.2,34.4,794768
2/4/2014 16:00,34.5,35,34.01,34.21,417474
2/5/2014 16:00,34.12,34.51,33.69,34.43,335885
2/6/2014 16:00,34.54,35.23,34.44,35.08,434403
2/7/2014 16:00,35.31,35.43,34.78,35.21,382673
2/10/2014 16:00,35.1,35.66,34.91,35.62,517287
2/11/2014 16:00,35.98,36.7,35.61,36.25,1418869
2/12/2014 16:00,36.14,36.37,35.26,35.89,1248109
2/13/2014 16:00,35.35,35.36,34.07,34.7,2433645
2/14/2014 16:00,34.76,35.55,34.48,35.17,1468620
2/18/2014 16:00,35.55,36.09,31.65,33.56,4590439
2/19/2014 16:00,33.06,33.9,32.96,33.35,1439095
2/20/2014 16:00,33.49,33.94,33.37,33.79,667484
2/21/2014 16:00,33.93,34.32,33.65,34.27,1135308
2/24/2014 16:00,34.25,34.25,33.86,34.11,854556
2/25/2014 16:00,34.25,34.41,33.59,33.63,518501
2/26/2014 16:00,33.51,33.82,32.76,32.83,960403
2/27/2014 16:00,32.62,33.38,32.34,33.34,1089614
2/28/2014 16:00,33.29,34.35,33.1,34.27,1208675
3/3/2014 16:00,33.88,34.03,33.4,33.68,871056
3/4/2014 16:00,33.94,34.32,33.67,33.83,812320
3/5/2014 16:00,32.7,33.25,32.46,32.91,6888395
3/6/2014 16:00,32.83,33.26,32.75,33.18,2739121
3/7/2014 16:00,33.38,33.69,33.05,33.37,2332582
3/10/2014 16:00,33.49,33.89,32.86,32.91,1206435
3/11/2014 16:00,33.02,33.31,32.91,33.07,1416943
3/12/2014 16:00,32.93,32.96,32.52,32.83,851179
3/13/2014 16:00,32.86,33.32,31.95,32,975798
3/14/2014 16:00,31.89,32.08,31.61,31.73,814577
3/17/2014 16:00,31.73,32.23,31.73,32.2,1101801
3/18/2014 16:00,32.35,33.16,31.91,32.71,1989379
3/19/2014 16:00,32.79,32.97,32.4,32.74,802823
3/20/2014 16:00,32.64,33.37,32.64,33.35,911738
3/21/2014 16:00,33.58,33.73,33.23,33.49,1975371
3/24/2014 16:00,33.54,33.67,32.91,33.28,938610
3/25/2014 16:00,33.27,33.33,32.4,33.1,1866022
3/26/2014 16:00,33.18,33.47,32.72,32.85,1170019
3/27/2014 16:00,32.84,33.17,32.41,32.59,843182
3/28/2014 16:00,32.65,32.95,31.7,31.84,1373461
3/31/2014 16:00,31.89,32.37,31.81,32.27,1030540
4/1/2014 16:00,32.45,33.26,32.44,33.19,785807
4/2/2014 16:00,33.26,33.45,32.86,33.25,609945
4/3/2014 16:00,33.28,33.4,32.95,33.28,541032
4/4/2014 16:00,33.3,33.39,32.19,32.57,873394
4/7/2014 16:00,32.41,32.41,31.04,31.25,972690
4/8/2014 16:00,31.25,31.62,31.16,31.43,740170
4/9/2014 16:00,31.43,31.97,31.18,31.7,773493
4/10/2014 16:00,31.75,31.91,30.89,31.03,459256
4/11/2014 16:00,30.97,31,29.71,29.85,1242609
4/14/2014 16:00,30.14,30.58,29.71,29.91,555845
4/15/2014 16:00,30.05,30.17,29.08,29.65,1320213
4/16/2014 16:00,29.74,29.83,29.43,29.81,2142855
4/17/2014 16:00,30.2,30.97,29.89,30.72,1059555
4/21/2014 16:00,30.8,31.01,30.28,30.3,499538
4/22/2014 16:00,31,31.1,30.58,30.79,977811
4/23/2014 16:00,30.83,31.03,30.73,30.84,1177017
4/24/2014 16:00,31.12,31.12,30.55,31.01,2348360
4/25/2014 16:00,31,31.2,30.42,30.97,2435920
4/28/2014 16:00,30.74,31.83,30.34,31.67,3810927
4/29/2014 16:00,31.15,33.66,31.07,32.94,3230278
4/30/2014 16:00,32.99,33.31,32.66,32.77,1390672
5/1/2014 16:00,32.78,32.94,32.28,32.46,1308367
5/2/2014 16:00,32.54,32.83,32.16,32.5,1206892
5/5/2014 16:00,32.2,32.71,31.74,32.04,784006
5/6/2014 16:00,32.08,32.38,31.78,31.86,614850
5/7/2014 16:00,31.87,32.18,31.72,31.89,691849
5/8/2014 16:00,31.83,32.22,31.49,31.79,948225
5/9/2014 16:00,31.82,31.86,31.16,31.46,1811126
5/12/2014 16:00,31.65,32.6,31.37,32.38,945276
5/13/2014 16:00,32.45,32.57,32.04,32.52,744949
5/14/2014 16:00,32.36,32.59,32.31,32.41,672466
5/15/2014 16:00,32.46,32.7,32.28,32.65,1436669
5/16/2014 16:00,32.61,32.76,32.38,32.75,845578
5/19/2014 16:00,32.58,33.28,32.53,33.18,841539
5/20/2014 16:00,33.21,33.39,32.93,33.17,1061027
5/21/2014 16:00,33.26,33.83,33.07,33.77,515308
5/22/2014 16:00,33.75,33.94,33.52,33.76,826352
5/23/2014 16:00,33.79,33.99,33.6,33.97,390413
5/27/2014 16:00,34.03,34.18,33.57,33.7,675920
5/28/2014 16:00,33.69,33.69,33.24,33.24,1048799
5/29/2014 16:00,33.38,33.77,33.28,33.35,1013156
5/30/2014 16:00,33.32,33.78,33.1,33.75,962178
6/2/2014 16:00,33.74,34.01,33.43,33.9,835531
6/3/2014 16:00,33.75,34.07,33.57,34.02,597108
6/4/2014 16:00,33.06,34.13,33.01,34.09,1164787
6/5/2014 16:00,34.09,34.14,33.73,34.03,1348068
6/6/2014 16:00,34.12,34.14,33.68,33.76,693383
6/9/2014 16:00,33.64,33.89,31.04,33.68,938756
6/10/2014 16:00,33.45,34.08,33.38,33.55,748152
6/11/2014 16:00,33.43,33.75,33.22,33.65,528921
6/12/2014 16:00,33.74,33.85,32.84,32.92,949613
6/13/2014 16:00,32.88,33.06,32.52,32.86,700759
6/16/2014 16:00,32.33,32.6,31.65,31.9,2641618
6/17/2014 16:00,31.8,32.15,31.72,32.03,1010524
6/18/2014 16:00,31.96,32.19,31.88,31.93,1074289
6/19/2014 16:00,31.84,32.13,31.84,31.91,673858
6/20/2014 16:00,31.85,32.19,31.85,31.99,836891
6/23/2014 16:00,32.03,32.51,31.92,32.42,1073573
6/24/2014 16:00,32.21,32.51,31.75,32.14,2092935
6/25/2014 16:00,31.95,32.42,31.79,32.04,1027603
6/26/2014 16:00,32,32.21,31.73,31.99,879410
6/27/2014 16:00,31.96,32.14,31.45,31.45,5246598
6/30/2014 16:00,31.49,31.77,31.45,31.7,924745
7/1/2014 16:00,31.72,32,31.41,31.9,765087
7/2/2014 16:00,31.9,32.37,31.67,31.94,592408
7/3/2014 16:00,32.15,32.53,32.09,32.48,564352
7/7/2014 16:00,32.26,32.43,31.8,32.38,879341
7/8/2014 16:00,32.32,32.56,32.1,32.2,1543975
7/9/2014 16:00,32.16,32.74,32,32.66,904403
7/10/2014 16:00,32.36,33.08,32.11,32.74,891497
7/11/2014 16:00,32.65,32.98,32.27,32.95,664489
7/14/2014 16:00,33.09,33.09,32.71,32.72,691480
7/15/2014 16:00,32.65,32.98,32.17,32.31,1059808
7/16/2014 16:00,32.4,32.7,32.23,32.36,1942542
7/17/2014 16:00,32.31,32.47,31.93,31.98,609556
7/18/2014 16:00,32.06,32.41,31.92,32.29,689641
7/21/2014 16:00,32.19,32.44,31.79,31.89,481035
7/22/2014 16:00,32,32.3,31.98,32.18,392057
7/23/2014 16:00,32.3,32.46,31.84,32.06,621633
7/24/2014 16:00,32.4,32.86,32.28,32.54,660270
7/25/2014 16:00,32.5,32.94,32.04,32.4,1273126
7/28/2014 16:00,32.47,32.96,32.4,32.76,1413289
7/29/2014 16:00,32.1,34.33,32.1,33.53,2615611
7/30/2014 16:00,33.65,33.73,32.92,33.05,1658496
7/31/2014 16:00,32.78,33.08,32.55,32.78,1876311
8/1/2014 16:00,32.72,33.48,32.5,32.97,1338046
8/4/2014 16:00,32.96,33.34,32.66,32.96,499445
8/5/2014 16:00,32.7,33.15,32.25,32.43,980557
8/6/2014 16:00,32.19,32.56,31.38,31.88,1181313
8/7/2014 16:00,32.08,32.25,31.66,31.79,603382
8/8/2014 16:00,31.85,32.02,31.62,31.75,546803
8/11/2014 16:00,31.78,32.21,31.76,32.18,331638
8/12/2014 16:00,32.19,32.68,32.07,32.33,393255
8/13/2014 16:00,32.42,32.73,32.19,32.2,483642
8/14/2014 16:00,32.1,32.84,32.05,32.84,896081
8/15/2014 16:00,33.4,34.5,33.28,33.56,1509858
8/18/2014 16:00,33.57,34.15,33.57,33.68,795671
8/19/2014 16:00,33.86,34,33.45,33.49,619854
8/20/2014 16:00,33.37,33.95,33.21,33.79,679727
8/21/2014 16:00,33.8,33.95,33.69,33.74,592809
8/22/2014 16:00,33.74,33.95,33.49,33.79,986515
8/25/2014 16:00,34.01,34.01,33.63,33.79,357722
8/26/2014 16:00,33.73,33.92,33.61,33.79,387036
8/27/2014 16:00,33.89,33.97,33.53,33.7,365467
8/28/2014 16:00,33.69,33.69,33.13,33.19,503775
8/29/2014 16:00,33.1,33.59,33.02,33.31,467308
9/2/2014 16:00,38.04,38.05,36.7,36.99,6593052
9/3/2014 16:00,37.09,37.39,36.9,36.94,1755616
9/4/2014 16:00,36.24,36.76,35.78,36.25,1067702
9/5/2014 16:00,36.1,36.3,35.96,36.1,1191595
9/8/2014 16:00,36,36.32,35.92,36.1,657232
9/9/2014 16:00,36.14,36.33,35.95,36.06,569284
9/10/2014 16:00,36.23,36.37,35.92,36.31,371021
9/11/2014 16:00,36.28,36.73,35.93,36.5,607824
9/12/2014 16:00,36.55,36.87,36.35,36.62,838925
9/15/2014 16:00,36.47,36.61,36.03,36.44,454270
9/16/2014 16:00,36.22,36.58,35.97,36.43,740404
9/17/2014 16:00,36.19,36.89,36.19,36.68,352580
9/18/2014 16:00,36.71,37.05,36.6,36.95,529323
9/19/2014 16:00,36.98,37.18,36.75,36.77,734745
9/22/2014 16:00,36.86,36.9,36.46,36.79,586562
9/23/2014 16:00,36.92,37.35,36.71,36.85,858620
9/24/2014 16:00,36.67,36.84,36.47,36.54,847742
9/25/2014 16:00,36.23,36.5,35.73,35.88,562791
9/26/2014 16:00,36.18,36.81,36.08,36.58,697735
9/29/2014 16:00,36.21,36.43,36.07,36.22,519630
9/30/2014 16:00,35.77,36.31,35.77,36.02,521346
10/1/2014 16:00,36.15,36.15,35.11,35.17,1099806
10/2/2014 16:00,35.01,35.42,34.12,35.03,633601
10/3/2014 16:00,35.22,35.86,35.06,35.8,1056332
10/6/2014 16:00,35.9,36.27,35.54,35.6,542687
10/7/2014 16:00,35.38,35.38,34.5,34.6,876016
10/8/2014 16:00,34.68,35.19,34.43,34.97,1520625
10/9/2014 16:00,34.97,35,33.77,33.99,1036616
10/10/2014 16:00,33.63,34.15,33.36,33.73,893063
10/13/2014 16:00,33.79,33.89,31.94,31.97,2206686
10/14/2014 16:00,32.3,32.53,31.51,32.05,1687705
10/15/2014 16:00,31.78,31.86,30.45,31.07,1214683
10/16/2014 16:00,30.67,31.49,30.66,31.3,1266898
10/17/2014 16:00,30.47,32.4,30.44,32.02,2323769
10/20/2014 16:00,32.05,32.93,32.05,32.91,828144
10/21/2014 16:00,33.38,34.24,32.93,34.16,858125
10/22/2014 16:00,34.6,34.92,34.11,34.64,1213713
10/23/2014 16:00,34.94,34.94,33.74,34.26,882337
10/24/2014 16:00,34.1,35.11,34.1,35.02,323529
10/27/2014 16:00,34.91,35.4,34.76,35.32,518493
10/28/2014 16:00,35.16,36.27,35.16,36.23,880208
10/29/2014 16:00,36.57,37.23,36.14,36.66,2061014
10/30/2014 16:00,36.91,38.66,36.6,38.44,1809873
10/31/2014 16:00,39.15,39.51,38.53,39,1080923
11/3/2014 16:00,39.13,39.63,38.55,39.07,1351317
11/4/2014 16:00,38.9,39.31,38.11,38.4,1426769
11/5/2014 16:00,39.16,39.16,38.28,39.03,591827
11/6/2014 16:00,39.13,39.69,38.87,38.98,1368700
11/7/2014 16:00,39.35,39.69,38.73,38.99,1153801
11/10/2014 16:00,39.16,39.79,38.9,39.35,1570961
11/11/2014 16:00,39.59,39.93,39.22,39.9,855338
11/12/2014 16:00,39.91,40.45,39.42,40.35,2516220
11/13/2014 16:00,40.17,40.57,39.83,40.5,1221178
11/14/2014 16:00,40.38,41.66,40.33,41.59,1356586
11/17/2014 16:00,41.62,41.66,40.95,41.31,695587
11/18/2014 16:00,41.39,41.96,41.32,41.77,926620
11/19/2014 16:00,41.95,41.97,41.46,41.79,767700
11/20/2014 16:00,41.62,42.09,41.42,41.71,826729
11/21/2014 16:00,42.36,42.36,41.79,41.83,559418
11/24/2014 16:00,41.83,42.34,41.83,42.2,605743
11/25/2014 16:00,42.05,42.61,41.86,42.16,3645043
11/26/2014 16:00,41.31,42.5,41.31,42.15,495835
11/28/2014 16:00,43.18,45.07,42.63,43.89,1698418
12/1/2014 16:00,43.77,43.86,42.28,42.66,1036503
12/2/2014 16:00,43.05,44.16,43.05,44.14,1561997
12/3/2014 16:00,43.81,44.67,43.78,44.34,873532
12/4/2014 16:00,44.27,45.01,44.27,44.96,759773
12/5/2014 16:00,45.07,45.93,44.99,45.48,1337470
12/8/2014 16:00,45.6,45.79,44.73,44.95,1365648
12/9/2014 16:00,44.38,44.97,43.84,44.7,1074879
12/10/2014 16:00,44.21,45.04,44.21,44.6,1837304
12/11/2014 16:00,44.65,44.89,42.84,43.73,2474797
12/12/2014 16:00,44.1,44.36,43.53,43.79,856710
12/15/2014 16:00,44.16,44.17,43.03,43.74,742779
12/16/2014 16:00,43.38,44.17,43.38,43.76,1171139
12/17/2014 16:00,43.82,45.78,43.69,45.76,1901635
12/18/2014 16:00,46.37,46.37,45.34,45.95,2402670
12/19/2014 16:00,46.27,47.04,45.6,46.86,2103813
12/22/2014 16:00,47.02,47.3,46.58,46.67,1408621
12/23/2014 16:00,46.69,47.79,46.69,47.51,743019
12/24/2014 16:00,47.53,47.86,47.5,47.66,202370
12/26/2014 16:00,47.7,47.74,47.38,47.48,286152
12/29/2014 16:00,47.51,48.16,47.33,48.03,461596
12/30/2014 16:00,47.99,48.1,46.82,46.86,665487
12/31/2014 16:00,47.32,47.38,46.57,46.76,561738
1/2/2015 16:00,46.94,47.27,46.32,46.7,438739
1/5/2015 16:00,46.58,46.99,45.51,46.03,938653
1/6/2015 16:00,46.31,46.34,44.69,45.61,1061963
1/7/2015 16:00,46.31,46.71,45.62,46.21,1409169
1/8/2015 16:00,46.68,47.02,46.33,46.68,1658481
1/9/2015 16:00,47.37,47.38,44.34,45.2,6291119
1/12/2015 16:00,46.21,46.21,44.99,45.32,2546411
1/13/2015 16:00,47.46,47.46,45.25,45.64,977946
1/14/2015 16:00,45.09,45.74,44.58,45.04,1555400
1/15/2015 16:00,45.5,45.58,44.59,44.68,844323
1/16/2015 16:00,44.98,44.99,44.29,44.85,572874
1/20/2015 16:00,44.89,45.18,44.55,45,718263
1/21/2015 16:00,45.29,45.29,44.6,44.99,637847
1/22/2015 16:00,44.99,46.07,44.67,45.8,2227806
1/23/2015 16:00,45.82,46.23,45.35,45.7,1039369
1/26/2015 16:00,45.55,46.15,45.38,46.05,1163874
1/27/2015 16:00,45.13,45.94,45.06,45.6,499328
1/28/2015 16:00,45.94,46.35,44.88,44.91,669386
1/29/2015 16:00,44.43,44.46,42.64,44.21,1848908
1/30/2015 16:00,43.75,44.31,43.49,43.76,875177
2/2/2015 16:00,43.73,43.98,42.55,43.33,2063918
2/3/2015 16:00,43.57,44.27,43,43.99,817730
2/4/2015 16:00,43.69,44.17,43.36,43.73,778449
2/5/2015 16:00,43.73,44.18,43.62,44.15,471639
2/6/2015 16:00,44.27,44.4,43.62,43.85,1005646
2/9/2015 16:00,44.14,44.14,42.79,42.93,927656
2/10/2015 16:00,43.16,44.29,43.15,44.12,1221704
2/11/2015 16:00,44.08,44.6,43.77,44.25,1354604
2/12/2015 16:00,44.25,44.69,44.16,44.38,748435
2/13/2015 16:00,44.2,44.24,43.54,43.71,1503652
2/17/2015 16:00,43.83,44.33,43.25,43.4,2054251
2/18/2015 16:00,44.14,47.22,43.67,46.71,5168456
2/19/2015 16:00,46.84,48.61,46.83,48.41,2060444
2/20/2015 16:00,47.56,48.2,47.08,47.77,1933442
2/23/2015 16:00,47.81,48.51,47.74,47.86,1819768
2/24/2015 16:00,48.83,48.9,47.9,48.08,1266513
2/25/2015 16:00,48.38,48.98,48.04,48.92,1876259
2/26/2015 16:00,48.94,50.09,48.77,49.21,1663737
2/27/2015 16:00,49.37,49.91,48.8,49.32,964709
3/2/2015 16:00,49.83,50.82,49.42,50.82,1232980
3/3/2015 16:00,50.89,50.9,49.91,50.36,1033634
3/4/2015 16:00,50.67,50.67,49.62,50.57,682400
3/5/2015 16:00,50.85,51.57,50.8,51.32,1080435
3/6/2015 16:00,50.62,50.62,49.44,50.04,2568609
3/9/2015 16:00,50.4,51.15,50.12,50.87,2784951
3/10/2015 16:00,51.01,51.01,49.76,49.91,1245679
3/11/2015 16:00,50.33,50.53,49.73,49.9,904494
3/12/2015 16:00,50.27,51.15,49.93,51.05,1628542
3/13/2015 16:00,50.99,51.66,50.44,50.71,1318929
3/16/2015 16:00,51,51.98,50.84,51.41,3043082
3/17/2015 16:00,51.41,52.24,51.15,51.8,2258132
3/18/2015 16:00,51.76,53.2,51.68,52.91,2932778
3/19/2015 16:00,53.59,53.75,53.04,53.61,2049924
3/20/2015 16:00,54.48,54.78,53.63,53.69,3335286
3/23/2015 16:00,53.48,53.68,52.39,52.63,1666638
3/24/2015 16:00,52.8,52.96,52.06,52.28,1150340
3/25/2015 16:00,52.18,52.26,51.09,51.15,656145
3/26/2015 16:00,50.91,51.61,50.08,51.19,983687
3/27/2015 16:00,51.74,54.19,51.7,53.82,2319015
3/30/2015 16:00,54.9,55.35,53.11,53.28,1363448
3/31/2015 16:00,53.11,54.05,52.61,54.01,1100343
4/1/2015 16:00,54.22,54.52,53.4,54.48,1490335
4/2/2015 16:00,54.68,54.95,54.17,54.46,761602
4/6/2015 16:00,54.18,54.61,53.79,53.89,851141
4/7/2015 16:00,53.93,54.94,53.09,53.15,1003277
4/8/2015 16:00,53.3,54.77,53.28,54.76,1118066
4/9/2015 16:00,54.64,55.13,54.45,54.81,788528
4/10/2015 16:00,55.38,55.38,54.38,54.51,428509
4/13/2015 16:00,54.53,54.72,53.71,53.78,932272
4/14/2015 16:00,53.88,54.17,53.48,53.73,703045
4/15/2015 16:00,54.13,54.36,52.95,53.03,1249173
4/16/2015 16:00,53.04,53.39,52.72,53.14,1029557
4/17/2015 16:00,52.74,52.86,52.1,52.21,827314
4/20/2015 16:00,50.75,51.95,50.6,51.26,2876600
4/21/2015 16:00,51.36,52.1,51.34,51.48,1182377
4/22/2015 16:00,51.76,51.91,50.97,51.1,1444747
4/23/2015 16:00,51.44,51.94,50.87,51.66,1051111
4/24/2015 16:00,51.8,51.9,51.22,51.41,704524
4/27/2015 16:00,51.65,51.75,50.16,50.2,670311
4/28/2015 16:00,50.2,50.6,49.01,50.17,1301594
4/29/2015 16:00,50.57,50.57,48.92,49,1104789
4/30/2015 16:00,49.02,49.51,48.08,48.51,1107814
5/1/2015 16:00,48.71,49.33,48.31,49.27,677556
5/4/2015 16:00,49.57,50.04,48.95,49.16,572574
5/5/2015 16:00,49.14,49.14,48.32,48.37,703372
5/6/2015 16:00,48.35,48.89,48.03,48.7,1319591
5/7/2015 16:00,49.24,53.18,48.77,52.23,2612763
5/8/2015 16:00,53.18,54.51,52.76,54.1,2162127
5/11/2015 16:00,54.28,54.49,53.08,53.23,1273158
5/12/2015 16:00,53.08,53.62,52.4,52.97,1096464
5/13/2015 16:00,52.86,53.53,52.53,52.68,566994
5/14/2015 16:00,52.92,54.76,52.92,54.65,1006663
5/15/2015 16:00,54.87,55.38,54.84,55.36,1065757
5/18/2015 16:00,55.33,56.07,55.15,55.49,788430
5/19/2015 16:00,55.75,57.55,55.74,57.3,1631623
5/20/2015 16:00,54.95,55.14,54.5,54.78,5622893
5/21/2015 16:00,54.87,55.01,54.6,54.68,2057708
5/22/2015 16:00,55.18,55.19,54.75,54.86,1762392
5/26/2015 16:00,54.81,55.06,54.4,54.54,1423155
5/27/2015 16:00,54.74,54.99,54.5,54.83,1104511
5/28/2015 16:00,54.89,54.89,54.52,54.75,1067712
5/29/2015 16:00,54.19,54.81,54.08,54.56,3731436
6/1/2015 16:00,54.75,55.24,54.2,54.76,1048251
6/2/2015 16:00,54.53,54.97,54.34,54.56,1348615
6/3/2015 16:00,54.6,55.55,54.6,55.36,1770547
6/4/2015 16:00,55.16,56.22,54.96,55.09,1421370
6/5/2015 16:00,55.39,55.39,54.4,55.13,952040
6/8/2015 16:00,54.88,55.06,54.35,54.37,1001107
6/9/2015 16:00,54.21,54.92,53.68,54.83,1443719
6/10/2015 16:00,54.83,55.23,54.67,54.74,938598
6/11/2015 16:00,54.81,55.19,54.65,54.95,949515
6/12/2015 16:00,54.6,55.17,54.49,54.92,654535
6/15/2015 16:00,54.59,54.86,54.14,54.7,1074240
6/16/2015 16:00,54.9,55.06,54.5,54.99,1031879
6/17/2015 16:00,55.26,55.35,54.82,55.32,774347
6/18/2015 16:00,55.47,56.53,55.25,56.09,1212888
6/19/2015 16:00,56.4,56.45,55.77,55.98,1548056
6/22/2015 16:00,56.75,56.99,56.15,56.77,1765624
6/23/2015 16:00,56.99,57,56.22,56.47,1217835
6/24/2015 16:00,56.49,56.99,56.27,56.64,1157277
6/25/2015 16:00,56.89,56.95,56.46,56.59,792380
6/26/2015 16:00,56.94,56.94,56.33,56.6,4282071
6/29/2015 16:00,56.04,56.52,55.34,55.4,1514037
6/30/2015 16:00,55.7,56.25,55.08,56.04,1400672
7/1/2015 16:00,55.84,56.69,55.82,56.19,1005222
7/2/2015 16:00,56.2,56.32,55.02,55.49,1142329
7/6/2015 16:00,55.34,55.9,54.89,55.34,1250220
7/7/2015 16:00,55.49,56.56,54.48,56.54,1464621
7/8/2015 16:00,56.1,56.55,55.48,55.79,1389372
7/9/2015 16:00,56.32,56.84,55.44,55.48,658840
7/10/2015 16:00,56.06,57.77,56,57.65,1493888
7/13/2015 16:00,58.38,58.86,57.93,58.5,1076129
7/14/2015 16:00,58.59,59.31,58.45,59.22,828163
7/15/2015 16:00,59.11,59.33,58.52,58.74,1121939
7/16/2015 16:00,59.23,59.35,58.94,59.19,762327
7/17/2015 16:00,59.38,59.8,58.67,59,756598
7/20/2015 16:00,59.64,59.68,58.97,59.13,949678
7/21/2015 16:00,59.38,59.49,58.64,59.29,565457
7/22/2015 16:00,59.02,59.92,59.02,59.89,595781
7/23/2015 16:00,60.05,60.39,59.45,59.84,1217328
7/24/2015 16:00,60.34,60.34,58.41,58.77,1114258
7/27/2015 16:00,58.2,58.47,57.46,58.12,807091
7/28/2015 16:00,57.98,58.62,57.27,58.43,778942
7/29/2015 16:00,58.43,59.91,58.29,59.88,1126651
7/30/2015 16:00,59.48,60,58.7,59.69,1040109
7/31/2015 16:00,61.71,63.22,61.41,62.42,2098937
8/3/2015 16:00,62.97,62.97,61.26,62,2347880
8/4/2015 16:00,62.7,62.7,58.04,59.43,3920904
8/5/2015 16:00,60,61.33,59.63,61.18,2358477
8/6/2015 16:00,61.17,61.66,59.58,60.14,1276061
8/7/2015 16:00,60.4,61.09,59.93,61.06,1007157
8/10/2015 16:00,61.93,62.19,61.17,61.42,971386
8/11/2015 16:00,59.46,59.61,58.81,59.38,7239106
8/12/2015 16:00,59.42,59.5,58.14,58.45,3058339
8/13/2015 16:00,58.74,59.57,58.53,59.39,2256469
8/14/2015 16:00,58.94,59.7,58.75,59.4,781469
8/17/2015 16:00,59.23,60.12,59.22,60.12,1565714
8/18/2015 16:00,60.21,60.38,59.74,60.03,1230859
8/19/2015 16:00,59.48,59.95,58.5,59.72,1409961
8/20/2015 16:00,59,59.17,56.95,57,1689423
8/21/2015 16:00,56.11,57.1,55.66,56.1,2010405
8/24/2015 16:00,52.06,56.8,50,54.93,1965865
8/25/2015 16:00,56.63,56.95,54.77,54.79,1241979
8/26/2015 16:00,55.76,56.99,54.64,56.86,1626200
8/27/2015 16:00,57,58.02,56.4,57.76,1466335
8/28/2015 16:00,57.43,57.83,56.8,57.74,906888
8/31/2015 16:00,57.61,58.25,56.91,57.6,1664519
9/1/2015 16:00,56.71,57.34,55.59,55.95,1341517
9/2/2015 16:00,56.73,57.4,55.92,57.4,1117780
9/3/2015 16:00,57.57,58.49,57.33,57.6,823860
9/4/2015 16:00,56.96,57.59,56.73,57.19,527359
9/8/2015 16:00,57.99,58.91,57.13,58.84,1127440
9/9/2015 16:00,59.27,60.96,59.23,59.75,1529315
9/10/2015 16:00,59.46,60.13,59.05,59.77,766362
9/11/2015 16:00,59.9,61.12,59.46,60.93,871537
9/14/2015 16:00,60.89,61.88,60.78,61.4,1115065
9/15/2015 16:00,61.5,61.93,60.92,61.81,1352319
9/16/2015 16:00,62,62.4,61.49,62.3,902429
9/17/2015 16:00,62.22,62.93,61.98,62.1,797768
9/18/2015 16:00,62.25,62.25,61.22,61.36,1301239
9/21/2015 16:00,61.82,62.58,61.37,62.32,959847
9/22/2015 16:00,61.23,61.49,59.63,60.21,1421716
9/23/2015 16:00,60.56,62.48,60.07,62.2,1611101
9/24/2015 16:00,61.99,62,60.64,61.46,1485889
9/25/2015 16:00,62,62.08,60.37,60.68,1218765
9/28/2015 16:00,60.17,60.25,56.74,57.49,1519243
9/29/2015 16:00,57.23,57.69,55.77,56.08,1361072
9/30/2015 16:00,56.6,57.71,56.24,57.3,1663366
10/1/2015 16:00,57,58.48,56.5,57.34,1286821
10/2/2015 16:00,57.14,58.46,56,58.46,1132752
10/5/2015 16:00,58.87,59.5,58.68,58.98,1094707
10/6/2015 16:00,59.13,59.15,56.58,56.85,1291449
10/7/2015 16:00,56.75,58.39,56.47,57.1,947857
10/8/2015 16:00,56.79,57.46,56.46,57.11,962429
10/9/2015 16:00,57.36,58.1,56.76,57.95,906476
10/12/2015 16:00,58.07,59.92,57.42,59.79,763602
10/13/2015 16:00,59.58,60.62,59.21,59.35,1015345
10/14/2015 16:00,59.23,59.39,56.68,56.82,1663701
10/15/2015 16:00,57.21,60.67,57.02,60.45,1222071
10/16/2015 16:00,60.3,60.7,59.7,60,608332
10/19/2015 16:00,59.96,61.1,59.52,61,741873
10/20/2015 16:00,61.85,61.9,60.45,60.84,1033148
10/21/2015 16:00,61.13,61.88,59.7,60.2,991414
10/22/2015 16:00,60.84,61.02,59.94,60.9,792278
10/23/2015 16:00,61.91,63.86,61.67,62.24,2004291
10/26/2015 16:00,62.44,63.66,62.44,63.23,1184069
10/27/2015 16:00,63.06,63.73,62.44,63.63,691795
10/28/2015 16:00,64.1,64.1,61.5,62.47,809507
10/29/2015 16:00,62.23,63.67,62.14,63.37,563111
10/30/2015 16:00,63.42,63.9,63.1,63.62,742731
11/2/2015 16:00,63.54,64.27,62.79,63.76,1389872
11/3/2015 16:00,59.96,62.62,58.82,60.55,2972512
11/4/2015 16:00,60.52,60.62,58.46,58.94,2179135
11/5/2015 16:00,59.43,59.86,58.41,59.71,989571
11/6/2015 16:00,59.4,60.64,59.4,60.56,1016893
11/9/2015 16:00,60.46,60.46,58.49,58.75,1004444
11/10/2015 16:00,58.59,58.87,58.08,58.49,1071451
11/11/2015 16:00,58.49,58.86,57.73,58.25,873643
11/12/2015 16:00,58.1,58.13,56.93,57.09,1046155
11/13/2015 16:00,56.85,56.85,55.15,55.2,1983909
11/16/2015 16:00,55.09,55.15,53.46,54.33,2263191
11/17/2015 16:00,54.68,55.46,54.35,54.86,1622698
11/18/2015 16:00,54.92,55.89,54.74,55.73,1090041
11/19/2015 16:00,55.79,57.08,55.56,56.86,1511190
11/20/2015 16:00,56.89,57.68,56.72,57.13,1493663
11/23/2015 16:00,56.83,58.99,56.83,58.3,1778595
11/24/2015 16:00,57.46,57.9,56.75,57.23,1800790
11/25/2015 16:00,57.52,58.15,57.39,57.53,656992
11/27/2015 16:00,57.7,57.93,57.18,57.82,276493
11/30/2015 16:00,57.81,58.24,57.15,57.44,1417919
12/1/2015 16:00,57.35,58.78,57.27,58.7,1404955
12/2/2015 16:00,58.58,58.83,57.6,57.93,1103285
12/3/2015 16:00,58.25,58.7,56.92,57.29,1168091
12/4/2015 16:00,57.51,58.72,57.38,58.27,1002135
12/7/2015 16:00,58.56,59.2,58.19,58.76,1037388
12/8/2015 16:00,57.73,58.74,57.24,58.61,1099332
12/9/2015 16:00,56.85,57.79,55.71,57.03,2500976
12/10/2015 16:00,57.47,58.87,56.51,58.53,1401609
12/11/2015 16:00,58.03,59.49,57.7,58.47,1783785
12/14/2015 16:00,58.86,59.54,58.46,59.46,1785853
12/15/2015 16:00,57.79,58.6,57.52,58.5,6245017
12/16/2015 16:00,58.82,60.13,58.65,59.79,2211294
12/17/2015 16:00,60.01,60.05,56.73,57.11,2912728
12/18/2015 16:00,57.58,58.42,56.48,56.86,9921101
12/21/2015 16:00,57.25,59.11,57.25,59.04,1983363
12/22/2015 16:00,59.23,59.29,57.64,58.84,1534373
12/23/2015 16:00,59.06,59.23,57.92,58.47,1503807
12/24/2015 16:00,58.78,58.99,58.37,58.61,422921
12/28/2015 16:00,58.27,58.91,57.9,58.02,1373945
12/29/2015 16:00,58.37,59.82,58.28,59.53,1255759
12/30/2015 16:00,59.6,59.99,59.18,59.51,613543
12/31/2015 16:00,59.12,59.72,58.58,58.6,738042
1/4/2016 16:00,57.56,58.19,57.33,57.99,1840355
1/5/2016 16:00,58.06,58.18,57.38,57.71,1233924
1/6/2016 16:00,56.77,57.8,56.25,56.97,1660038
1/7/2016 16:00,55.79,56.7,55.06,55.72,1736542
1/8/2016 16:00,56.26,56.76,55.01,55.07,1142219
1/11/2016 16:00,55.32,56.57,55,56,1791122
1/12/2016 16:00,56.33,56.8,54.73,55.85,1993694
1/13/2016 16:00,55.89,55.96,52.13,52.31,2548187
1/14/2016 16:00,52.14,52.59,49.67,50.8,4566516
1/15/2016 16:00,49.18,49.36,46.99,47.82,3407505
1/19/2016 16:00,48.33,49.09,46.56,47.2,2753646
1/20/2016 16:00,46.4,47.77,43.14,47.28,3911217
1/21/2016 16:00,47.93,48.83,47.12,47.9,1981177
1/22/2016 16:00,48.68,49.77,47.53,47.98,1923407
1/25/2016 16:00,47.85,48.79,47.24,47.32,1438755
1/26/2016 16:00,47.95,48.84,47.27,48.61,1877172
1/27/2016 16:00,48.57,49.01,45.03,45.23,2189782
1/28/2016 16:00,45.51,45.69,42.21,42.46,5140014
1/29/2016 16:00,42.57,45.4,42.21,45.37,5676359
2/1/2016 16:00,44.96,47.61,44.95,47.06,3857907
2/2/2016 16:00,45.25,45.25,42.41,43.02,4521218
2/3/2016 16:00,43.51,43.79,41.25,41.96,5388937
2/4/2016 16:00,42.24,42.58,40.57,42.5,3524931
2/5/2016 16:00,42.17,42.78,38.72,39.46,3130395
2/8/2016 16:00,38.51,39.29,37.53,38.2,3250934
2/9/2016 16:00,37.68,39.88,37.01,39.18,3220033
2/10/2016 16:00,39.78,40.38,38.71,38.74,1964223
2/11/2016 16:00,38.01,39.29,37.86,39,2340532
2/12/2016 16:00,39.61,39.61,38.29,39.33,1438833
2/16/2016 16:00,40.14,40.8,39.61,40.56,1915568
2/17/2016 16:00,41.07,43.71,40.67,42.83,3487733
2/18/2016 16:00,42.57,43.01,41.8,41.85,2117416
2/19/2016 16:00,41.5,43.31,40.95,42.49,2948733
2/22/2016 16:00,42.98,44.4,42.64,44.08,3218520
2/23/2016 16:00,45.6,48.3,45.42,46.85,6831268
2/24/2016 16:00,46.69,47.91,45.28,47.9,3485430
2/25/2016 16:00,48.22,49.25,47.67,48.66,1881761
2/26/2016 16:00,49.29,50.16,48.49,49.64,2430255
2/29/2016 16:00,49.33,50.12,48.99,49.13,1730959
3/1/2016 16:00,49.84,50.49,48.75,50.31,1651599
3/2/2016 16:00,50.37,50.67,49.79,50.53,1562889
3/3/2016 16:00,50.05,50.48,49.25,50,2172017
3/4/2016 16:00,50.35,50.49,49.08,49.56,2067642
3/7/2016 16:00,49.13,49.77,48.73,49.68,1703773
3/8/2016 16:00,49.11,49.58,47.23,47.31,2596122
3/9/2016 16:00,47.65,48.43,46.69,47.59,1960352
3/10/2016 16:00,47.89,48.34,46.45,47.26,1437368
3/11/2016 16:00,47.79,48.87,47.15,48.87,1204212
3/14/2016 16:00,48.83,49.89,48.83,49.69,1758227
3/15/2016 16:00,49.13,49.5,48.12,48.41,1737964
3/16/2016 16:00,48.39,49.96,48.01,49.71,1527002
3/17/2016 16:00,50.54,51.72,50.04,51.42,537542
3/18/2016 16:00,51.54,53.32,51.51,52.45,3636918
3/21/2016 16:00,52.13,53.05,52.13,52.71,1791466
3/22/2016 16:00,51.55,52.18,51.01,51.64,2318155
3/23/2016 16:00,51.67,51.67,49.7,49.77,2597820
3/24/2016 16:00,49.71,51.27,49.45,51.08,2140933
3/28/2016 16:00,51.11,51.46,50.55,51.35,1467720
3/29/2016 16:00,51.13,51.42,50.65,51.26,1210958
3/30/2016 16:00,52.66,54.34,52.47,54.18,2356442
3/31/2016 16:00,54.29,55.59,53.91,55.29,2691957
4/1/2016 16:00,54.71,55.25,53.8,54.52,1979331
4/4/2016 16:00,54.58,54.89,54.24,54.64,829148
4/5/2016 16:00,54.03,54.28,53.43,53.96,1640167
4/6/2016 16:00,54.09,55.13,53.96,54.99,1576874
4/7/2016 16:00,54.93,55.03,53.48,53.79,1652715
4/8/2016 16:00,54.26,54.67,53.17,53.64,827764
4/11/2016 16:00,54.64,54.88,53.51,53.53,828825
4/12/2016 16:00,53.57,54.03,53.03,53.93,938861
4/13/2016 16:00,54.33,55.22,53.8,55.16,752315
4/14/2016 16:00,55,55.24,54.21,54.52,727356
4/15/2016 16:00,54.66,54.66,52.33,53.08,2779105
4/18/2016 16:00,53.06,53.17,51.29,52.14,2601151
4/19/2016 16:00,52.47,52.52,51.19,51.5,1993545
4/20/2016 16:00,51.43,51.69,50.46,50.9,1603988
4/21/2016 16:00,50.69,50.79,49.61,49.97,1354130
4/22/2016 16:00,50.02,50.31,48.41,48.66,2402347
4/25/2016 16:00,48.73,49.34,48.66,49.31,2010461
4/26/2016 16:00,49.14,49.47,48.24,48.85,1276817
4/27/2016 16:00,48.69,49.92,48.5,49.8,1554828
4/28/2016 16:00,49.42,49.66,48.47,48.73,2098930
4/29/2016 16:00,49.5,50.2,47.78,48.89,2526741
5/2/2016 16:00,48.83,49.95,48.65,49.83,1625264
5/3/2016 16:00,49.38,50.31,49.2,50.14,2091912
5/4/2016 16:00,49.54,50.25,48.89,49.16,1890066
5/5/2016 16:00,49.18,49.79,48.75,48.88,1319876
5/6/2016 16:00,48.55,49,47.93,48.89,1031420
5/9/2016 16:00,48.88,49.68,48.64,49.25,1868253
5/10/2016 16:00,45.27,47.98,44.09,46.89,7757037
5/11/2016 16:00,46.81,47.94,46.57,46.68,1759641
5/12/2016 16:00,47.02,47.48,46.36,47.19,1483697
5/13/2016 16:00,47.05,47.45,46.19,46.38,1488494
5/16/2016 16:00,46.33,47.61,46.21,47.35,1311178
5/17/2016 16:00,47.11,48.02,46.9,47.23,1342709
5/18/2016 16:00,47.18,47.92,46.76,47.58,1656111
5/19/2016 16:00,47.2,47.57,46.19,46.39,1319967
5/20/2016 16:00,46.48,47.27,46.48,47.21,883124
5/23/2016 16:00,46.77,47.47,46.71,46.74,811378
5/24/2016 16:00,46.97,47.86,46.71,47.81,1177757
5/25/2016 16:00,47.88,47.92,46.52,46.57,1694095
5/26/2016 16:00,46.34,46.34,45.11,45.78,1799876
5/27/2016 16:00,45.8,47.11,45.57,47.09,1346907
5/31/2016 16:00,47.04,47.12,46.21,46.41,1649445
6/1/2016 16:00,46.18,46.63,46.06,46.59,973122
6/2/2016 16:00,46.26,46.66,46.09,46.55,1123432
6/3/2016 16:00,46.27,46.27,44.84,45.73,839003
6/6/2016 16:00,45.5,45.56,44.77,45.4,1509346
6/7/2016 16:00,45.76,46.3,45.57,45.91,1092674
6/8/2016 16:00,46.18,46.19,45.44,45.46,1376771
6/9/2016 16:00,45.45,45.71,45.1,45.61,1496799
6/10/2016 16:00,44.91,45.79,43.89,44.53,1177476
6/13/2016 16:00,44.35,44.87,43.81,43.83,968129
6/14/2016 16:00,43.59,43.93,43.01,43.22,1439701
6/15/2016 16:00,43.33,44.47,43.27,43.36,2119610
6/16/2016 16:00,43.04,43.44,41.96,43.3,1096839
6/17/2016 16:00,43.51,43.67,43.15,43.38,1152986
6/20/2016 16:00,44.01,44.92,44.01,44.22,1035328
6/21/2016 16:00,44.23,44.66,43.96,44.46,1174189
6/22/2016 16:00,44.29,44.79,43.95,44.24,1241795
6/23/2016 16:00,44.88,44.88,44.11,44.23,1579849
6/24/2016 16:00,41.7,42.01,40.37,40.38,7220075
6/27/2016 16:00,39.54,40.04,38.17,38.21,4098091
6/28/2016 16:00,39.41,39.74,38.22,38.44,3171247
6/29/2016 16:00,38.76,39.61,38.49,39.28,3368583
6/30/2016 16:00,39.5,39.87,38.62,39.84,2012107
7/1/2016 16:00,40,41.19,39.97,41.06,1952609
7/5/2016 16:00,40.75,41.31,40.16,40.51,1959679
7/6/2016 16:00,40.3,40.74,39.8,40.3,1978616
7/7/2016 16:00,40.26,41.06,40.12,40.59,1468144
7/8/2016 16:00,40.93,42.27,40.34,42.06,2021122
7/11/2016 16:00,42.37,43.24,42.18,43.16,2046511
7/12/2016 16:00,43.54,44.6,43.54,44.55,2677202
7/13/2016 16:00,44.59,44.62,43.91,43.98,2035473
7/14/2016 16:00,44.37,44.7,42.75,42.77,3038990
7/15/2016 16:00,42.52,42.55,40.82,41.19,3334242
7/18/2016 16:00,41.37,41.64,40.92,41.16,1881907
7/19/2016 16:00,41.13,41.39,40.03,40.14,1668307
7/20/2016 16:00,40.1,41.24,39.32,41.19,2150496
7/21/2016 16:00,41.24,41.71,41,41.12,1170891
7/22/2016 16:00,41.26,41.42,40.93,41.11,1686320
7/25/2016 16:00,41.23,41.8,41.21,41.69,1533817
7/26/2016 16:00,41.9,42.12,41.73,41.87,1165046
7/27/2016 16:00,41.93,42.3,41.32,42.13,1513647
7/28/2016 16:00,42.25,43.12,41.78,42.96,1569639
7/29/2016 16:00,43,43.21,42.43,42.6,2199103
8/1/2016 16:00,42.5,42.68,42.39,42.46,2202347
8/2/2016 16:00,41.99,42.05,39.29,39.76,4858213
8/3/2016 16:00,39.75,40.7,39.54,40.45,2172825
8/4/2016 16:00,40.28,41.76,40.28,41.66,1916537
8/5/2016 16:00,41.95,43.14,41.69,43.1,1837222
8/8/2016 16:00,42.98,43.57,42.81,42.96,2552253
8/9/2016 16:00,39.55,40.59,37.66,37.91,10995691
8/10/2016 16:00,38.07,38.45,37.28,37.3,4067953
8/11/2016 16:00,37.68,38.81,37.42,38.78,2808929
8/12/2016 16:00,38.53,38.98,38.17,38.44,2401034
8/15/2016 16:00,38.46,38.85,38.26,38.37,2685638
8/16/2016 16:00,38.15,38.3,37.3,37.63,2438364
8/17/2016 16:00,37.8,38.66,37.5,38.66,2143322
8/18/2016 16:00,38.54,38.74,38.34,38.7,1626913
8/19/2016 16:00,38.26,38.64,38,38.21,2124678
8/22/2016 16:00,38.19,38.23,37.53,37.68,1572613
8/23/2016 16:00,37.7,38.09,37.57,37.68,2940575
8/24/2016 16:00,37.79,38.06,36.78,36.86,2588160
8/25/2016 16:00,36.68,36.77,36.16,36.18,2279515
8/26/2016 16:00,36.15,36.37,35.68,35.8,2550168
8/29/2016 16:00,36.04,36.62,35.36,35.52,2716599
8/30/2016 16:00,35.63,36,35.39,35.85,2066437
8/31/2016 16:00,35.93,36.36,35.64,35.89,1950120
9/1/2016 16:00,37.47,38.31,36.5,37.05,4218191
9/2/2016 16:00,36.27,36.91,35.36,35.61,3946646
9/6/2016 16:00,35.73,35.81,35.22,35.31,1540541
9/7/2016 16:00,35.27,35.48,34.83,34.97,2314261
9/8/2016 16:00,35,35.03,34.36,34.4,1742827
9/9/2016 16:00,34.4,34.61,34.16,34.5,3211369
9/12/2016 16:00,34.42,35.32,34.17,35.25,1701420
9/13/2016 16:00,35.1,35.45,34.75,35.29,2023637
9/14/2016 16:00,35.32,35.99,35.02,35.96,2268346
9/15/2016 16:00,35.77,36.49,35.76,36.24,2577553
9/16/2016 16:00,36.25,36.46,35.65,35.75,3015439
9/19/2016 16:00,35.97,36.04,35.19,35.34,1716072
9/20/2016 16:00,35.4,36.43,35.4,36.31,1853463
9/21/2016 16:00,36.41,36.64,35.8,36.3,1831778
9/22/2016 16:00,36.43,37.24,36.43,37.17,1599663
9/23/2016 16:00,36.92,37.5,36.48,37.42,1503713
9/26/2016 16:00,37.34,38.03,36.03,36.72,3168653
9/27/2016 16:00,36.86,38,36.86,37.69,2505303
9/28/2016 16:00,37.81,37.86,36.95,37.44,2938944
9/29/2016 16:00,37.48,37.5,36.61,37.16,1723617
9/30/2016 16:00,37.32,38,36.93,37.7,1744062
10/3/2016 16:00,37.69,38.07,37.39,37.78,1244131
10/4/2016 16:00,37.31,38.14,37.25,38.05,1499557
10/5/2016 16:00,36.92,38.34,36.2,38.26,3730246
10/6/2016 16:00,38.29,38.68,37.98,38.64,2146420
10/7/2016 16:00,38.59,38.73,38.31,38.46,3508207
10/10/2016 16:00,38.54,38.66,38.35,38.48,1216566
10/11/2016 16:00,38.51,38.52,37.69,37.95,1747770
10/12/2016 16:00,37.95,38.24,37.6,38.08,1455359
10/13/2016 16:00,37.46,38.05,37.45,37.79,1569632
10/14/2016 16:00,37.25,37.89,37.1,37.33,2125225
10/17/2016 16:00,37.44,37.62,37.21,37.47,1765083
10/18/2016 16:00,37.96,38.67,37.9,38.25,1310357
10/19/2016 16:00,37.66,38.22,37.4,38.11,1417796
10/20/2016 16:00,38.2,38.8,37.69,38.74,1134885
10/21/2016 16:00,38.42,38.54,37.8,37.99,3208156
10/24/2016 16:00,38.36,39.19,37.99,38.06,2839522
10/25/2016 16:00,37.84,38.09,37.45,37.73,1862276
10/26/2016 16:00,37.65,38.29,37.52,37.97,1070526
10/27/2016 16:00,37.43,37.57,35.57,35.71,2749309
10/28/2016 16:00,36.78,38.35,36.51,38.24,2818878
10/31/2016 16:00,38.44,38.96,38.18,38.87,1593660
11/1/2016 16:00,39.11,39.14,37.21,37.7,1760010
11/2/2016 16:00,37.79,38.32,37.21,37.49,1171788
11/3/2016 16:00,37.6,37.85,37.02,37.21,1503124
11/4/2016 16:00,36.87,37.79,36.87,37,1232913
11/7/2016 16:00,37.69,37.86,37.42,37.83,2559978
11/8/2016 16:00,37.84,39.25,37.47,39.13,3036118
11/9/2016 16:00,36.82,38.3,35.21,35.53,5489021
11/10/2016 16:00,35.8,38.52,35.8,37.97,4985590
11/11/2016 16:00,37.68,39.04,37.07,38.42,3205835
11/14/2016 16:00,38.5,41.61,38.5,41.34,3492917
11/15/2016 16:00,41.49,41.49,40.1,40.17,1996768
11/16/2016 16:00,40.13,40.13,39.1,39.57,1252441
11/17/2016 16:00,39.6,40.05,39.33,39.83,1294194
11/18/2016 16:00,39.68,40.07,39.14,39.68,1597396
11/21/2016 16:00,39.79,40.12,39.46,39.59,1324138
11/22/2016 16:00,39.85,40.35,39.46,40.25,1452340
11/23/2016 16:00,39.31,40.21,39.31,39.98,1123291
11/25/2016 16:00,39.96,40.59,39.65,40.58,510657
11/28/2016 16:00,40.51,40.66,39.77,40.1,1526115
11/29/2016 16:00,40.31,40.71,40.09,40.71,1220610
11/30/2016 16:00,40.48,40.48,39.32,39.81,1752351
12/1/2016 16:00,39.87,40.28,38.68,38.85,1323657
12/2/2016 16:00,38.71,39.33,38.66,39.28,1096296
12/5/2016 16:00,39.7,40.99,39.48,40.64,1406238
12/6/2016 16:00,40.88,41.41,40.47,41.25,1152412
12/7/2016 16:00,41.27,42.86,41.08,42.66,1461104
12/8/2016 16:00,42.77,44.17,42.38,44.02,2234072
12/9/2016 16:00,44.19,44.7,43.76,44.5,1182904
12/12/2016 16:00,44.21,44.38,43.32,43.99,1906818
12/13/2016 16:00,44.04,44.16,43.58,43.9,1278423
12/14/2016 16:00,43.92,44.91,43.65,44.03,1342809
12/15/2016 16:00,44.17,45.37,43.52,45.14,2087308
12/16/2016 16:00,45.2,45.2,43.81,44.13,1994210
12/19/2016 16:00,43.97,43.97,42.9,43.06,1362916
12/20/2016 16:00,43.52,45.5,43.26,44.92,1901726
12/21/2016 16:00,45.02,45.16,44.63,44.93,658615
12/22/2016 16:00,44.83,44.87,43.33,43.38,1050655
12/23/2016 16:00,43.51,43.7,43.16,43.51,1474312
12/27/2016 16:00,43.62,44.53,43.53,43.69,442700
12/28/2016 16:00,43.68,43.68,42.89,42.93,718788
12/29/2016 16:00,42.93,43.45,42.04,42.66,2178419
12/30/2016 16:00,42.62,42.97,42.1,42.53,856919
1/3/2017 16:00,43.13,43.87,42.64,42.79,1618472
1/4/2017 16:00,43.1,44.89,42.78,44.77,1854498
1/5/2017 16:00,44.51,44.79,44.02,44.55,933743
1/6/2017 16:00,44.75,44.92,44.06,44.25,932858
1/9/2017 16:00,44.14,44.7,43.9,44.39,855769
1/10/2017 16:00,44.33,45.36,44.33,45.22,1065488
1/11/2017 16:00,45.01,45.82,44.72,45.75,870469
1/12/2017 16:00,45.47,45.83,44.67,45.35,731462
1/13/2017 16:00,45.49,45.49,44.84,44.95,547673
1/17/2017 16:00,45.08,45.22,44.2,44.74,905427
1/18/2017 16:00,44.97,45.77,44.56,45.67,942996
1/19/2017 16:00,45.76,46.36,45.39,45.62,1031295
1/20/2017 16:00,45.93,46.41,45.41,45.63,735986
1/23/2017 16:00,45.47,46.15,45.15,46,826780
1/24/2017 16:00,45.92,46.95,45.83,46.84,1239446
1/25/2017 16:00,47.22,48.24,46.96,48.09,1275823
1/26/2017 16:00,49.22,50.05,48.77,49.33,2613556
1/27/2017 16:00,49.35,49.56,48.61,49.02,945318
1/30/2017 16:00,48.8,48.88,47.94,48.03,1337131
1/31/2017 16:00,47.88,48.11,46.83,47,1625213
2/1/2017 16:00,47.3,48.45,46.83,48.08,1296482
2/2/2017 16:00,48.17,48.5,47.55,47.66,694731
2/3/2017 16:00,48.13,48.36,47.41,47.74,760795
2/6/2017 16:00,47.76,48.02,47.28,47.52,1139099
2/7/2017 16:00,47.58,48.09,47.47,47.7,1477247
2/8/2017 16:00,47.88,48.14,47.51,47.86,1065787
2/9/2017 16:00,47.81,48.31,47.7,48.06,1249178
2/10/2017 16:00,48.43,48.91,47.54,47.8,1611014
2/13/2017 16:00,48.02,48.1,47.56,47.87,1449892
2/14/2017 16:00,47.82,47.97,47.58,47.77,1048707
2/15/2017 16:00,47.66,48.12,47.01,47.92,1464834
2/16/2017 16:00,47.95,48.14,47.24,47.63,1236250
2/17/2017 16:00,47.62,47.85,47.27,47.69,1653718
2/21/2017 16:00,47.74,48.52,47.74,48.2,1802151
2/22/2017 16:00,49.24,52.14,48.68,51.64,4043069
2/23/2017 16:00,52.48,52.5,50.61,50.68,1869803
2/24/2017 16:00,50.51,50.63,49.77,50.02,1443274
2/27/2017 16:00,49.93,50.83,49.57,50.77,1326575
2/28/2017 16:00,50.82,51.2,50.45,50.7,934959
3/1/2017 16:00,51.12,51.61,50.42,51.05,1199364
3/2/2017 16:00,50.79,51.25,50.63,50.98,878774
3/3/2017 16:00,51,51,49.79,50.11,849170
3/6/2017 16:00,49.9,50,49.16,49.76,1207284
3/7/2017 16:00,49.56,49.76,49.05,49.42,806869
3/8/2017 16:00,49.59,49.83,49.4,49.52,776663
3/9/2017 16:00,49.77,50.06,49.48,49.92,765686
3/10/2017 16:00,50.23,51.22,50.07,51.1,1160833
3/13/2017 16:00,51.7,51.83,51.11,51.32,1086292
3/14/2017 16:00,51.21,51.23,50.4,50.96,1066023
3/15/2017 16:00,51.05,51.49,50.71,51.41,1141492
3/16/2017 16:00,51.35,51.45,51.06,51.43,844527
3/17/2017 16:00,51.71,51.85,51.25,51.31,1241097
3/20/2017 16:00,51.36,51.53,50.81,51.1,846766
3/21/2017 16:00,51.3,51.72,49.95,50,1158056
3/22/2017 16:00,50.11,51.13,49.55,50.97,1128996
3/23/2017 16:00,50.98,51.67,50.88,51.11,1081511
3/24/2017 16:00,51.34,51.53,50.3,50.48,1306949
3/27/2017 16:00,50.15,51.17,49.92,51.02,887426
3/28/2017 16:00,51.8,52.1,51.13,51.3,1548051
3/29/2017 16:00,51.09,51.3,50.65,50.86,1261483
3/30/2017 16:00,50.89,51.37,50.89,51.24,753959
3/31/2017 16:00,50.99,51.2,50.44,50.73,1108156
4/3/2017 16:00,50.74,50.95,50,50.19,1302954
4/4/2017 16:00,50.04,50.15,49.32,49.76,1484365
4/5/2017 16:00,49.93,50.75,49.59,49.78,1141622
4/6/2017 16:00,49.75,50.01,49.39,49.91,997178
4/7/2017 16:00,50.01,50.04,48.15,48.31,5706644
4/10/2017 16:00,48.49,48.94,48.12,48.54,1520113
4/11/2017 16:00,48.64,48.64,47.29,47.47,1464276
4/12/2017 16:00,47.55,48,46.96,47.85,1933759
4/13/2017 16:00,47.83,48.64,47.76,48.03,1706506
4/17/2017 16:00,48.07,49.01,47.96,48.96,1129330
4/18/2017 16:00,48.9,48.91,48.3,48.82,717337
4/19/2017 16:00,48.95,49.63,48.7,49.21,1069163
4/20/2017 16:00,49.53,50.75,49.53,50.14,1289838
4/21/2017 16:00,50.35,50.44,49.6,50.13,971591
4/24/2017 16:00,50.84,51.13,50.12,50.35,1054272
4/25/2017 16:00,50.57,51.37,50.54,51.08,1036566
4/26/2017 16:00,51.02,52.86,51.02,52.76,1665662
4/27/2017 16:00,52.75,53.27,52.62,52.68,1698494
4/28/2017 16:00,53.92,54.87,53.09,53.93,2909026
5/1/2017 16:00,54,56.29,53.72,54.9,2339954
5/2/2017 16:00,55.01,55.33,54.45,55.06,1160931
5/3/2017 16:00,55.02,55.32,54.59,54.9,1187224
5/4/2017 16:00,55.17,55.49,54.82,54.84,1128785
5/5/2017 16:00,55,55.8,55,55.49,914316
5/8/2017 16:00,55.57,55.83,54.91,55.1,1490252
5/9/2017 16:00,55.25,56.15,55.05,55.78,2651542
5/10/2017 16:00,54.44,55.93,53.1,54.07,4096954
5/11/2017 16:00,53.85,54.46,52.5,52.95,2622555
5/12/2017 16:00,52.9,53.09,51.21,51.5,2743580
5/15/2017 16:00,51.54,51.95,51.2,51.5,2064293
5/16/2017 16:00,51.48,51.55,50.18,50.31,2226472
5/17/2017 16:00,50.03,50.25,47.96,48.07,2399415
5/18/2017 16:00,48,49.29,47.76,49.12,2613225
5/19/2017 16:00,49.23,49.75,48.83,49.34,1467851
5/22/2017 16:00,49.24,50.62,49.11,50.51,1928255
5/23/2017 16:00,50.26,50.53,49.46,49.58,1421244
5/24/2017 16:00,49.8,49.8,49.2,49.64,1069853
5/25/2017 16:00,49.83,51.01,49.79,50.68,1273225
5/26/2017 16:00,51.97,52.32,50.81,50.84,1798836
5/30/2017 16:00,50.78,51.18,50.06,50.07,1576102
5/31/2017 16:00,50.25,50.28,49.56,49.97,1419654
6/1/2017 16:00,50.23,51.1,49.98,50.93,1716468
6/2/2017 16:00,51.16,51.64,50.97,51.16,1169881
6/5/2017 16:00,51.17,51.17,50.07,50.31,1584704
6/6/2017 16:00,50,50.6,49.66,49.72,2200361
6/7/2017 16:00,50.08,50.81,49.75,50.79,1942687
6/8/2017 16:00,50.93,52.1,50.68,51.79,2061191
6/9/2017 16:00,51.97,52.31,50.8,51.13,2220339
6/12/2017 16:00,50.98,51.26,49.52,50.42,2055558
6/13/2017 16:00,50.78,52.23,50.77,51.84,1462659
6/14/2017 16:00,51.99,52.74,51.7,52.17,1432854
6/15/2017 16:00,51.61,52.95,51.61,52.91,1184367
6/16/2017 16:00,52.71,53.01,52.09,52.9,2390564
6/19/2017 16:00,53.2,53.84,53.06,53.63,1042968
6/20/2017 16:00,53.51,53.92,52.95,53.1,1091471
6/21/2017 16:00,53.24,55.23,53.2,54.9,2426806
6/22/2017 16:00,55.01,56.26,54.9,55.46,2668504
6/23/2017 16:00,55.57,55.87,54.74,54.81,2457627
6/26/2017 16:00,54.82,56.12,54.82,55.31,1228238
6/27/2017 16:00,55.01,55.29,53.84,53.86,1522529
6/28/2017 16:00,54.18,55.73,54.18,55.28,1013973
6/29/2017 16:00,55.16,55.33,54.08,54.42,849910
6/30/2017 16:00,54.96,55,54.27,54.29,1076638
7/3/2017 16:00,54.63,55.21,54.38,54.55,496186
7/5/2017 16:00,54.52,55.75,54.5,55.41,998399
7/6/2017 16:00,55.06,55.06,53.93,54.06,1559649
7/7/2017 16:00,54.2,55.04,54.2,54.68,950235
7/10/2017 16:00,54.53,55.09,53.66,54.03,1263918
7/11/2017 16:00,53.79,54.3,53.4,53.96,790787
7/12/2017 16:00,54.32,54.64,53.58,54.09,1178296
7/13/2017 16:00,54.12,54.49,53.65,54.24,1061581
7/14/2017 16:00,54.43,54.48,53.4,53.47,961299
7/17/2017 16:00,53.51,54.45,53.16,54.13,1196988
7/18/2017 16:00,54.22,54.44,53.71,54.18,623187
7/19/2017 16:00,54.27,54.51,54.09,54.38,690366
7/20/2017 16:00,54.53,55.33,54.33,55.05,988966
7/21/2017 16:00,54.9,55.23,54.76,55.07,665799
7/24/2017 16:00,55.3,55.77,55.04,55.73,1086308
7/25/2017 16:00,55.9,56.36,55.43,55.75,1001902
7/26/2017 16:00,56,56.01,55.2,55.65,645704
7/27/2017 16:00,55.7,55.85,54.29,55.11,1209171
7/28/2017 16:00,54.71,55.26,54.39,55.21,984902
7/31/2017 16:00,55.45,55.73,54.98,55.07,895649
8/1/2017 16:00,56.49,57.25,56.15,56.91,2493989
8/2/2017 16:00,56.89,57.25,55.45,55.84,1256678
8/3/2017 16:00,55.77,56.96,55.77,56.25,1157263
8/4/2017 16:00,56.47,57.48,56.27,56.9,1265845
8/7/2017 16:00,57.15,57.62,56.49,56.65,2837182
8/8/2017 16:00,59.05,61.48,58.85,59.42,5342744
8/9/2017 16:00,58.88,58.99,58.05,58.36,2077889
8/10/2017 16:00,58.04,58.16,56.9,57.07,1667797
8/11/2017 16:00,54.75,57.17,54.15,56.77,12879903
8/14/2017 16:00,57.14,57.83,57.01,57.46,2620008
8/15/2017 16:00,57.61,58.56,57.22,57.45,2855882
8/16/2017 16:00,57.8,58.41,57.44,57.9,1434856
8/17/2017 16:00,57.98,58.07,56.01,56.18,2086359
8/18/2017 16:00,56.33,56.33,55.26,55.78,1434778
8/21/2017 16:00,55.81,56.15,55.59,55.86,1015908
8/22/2017 16:00,56.01,57.03,56.01,56.9,1074024
8/23/2017 16:00,56.53,57.91,56.53,57.15,1903892
8/24/2017 16:00,57.33,57.91,57.29,57.73,1563125
8/25/2017 16:00,57.99,58,57.58,57.72,1936537
8/28/2017 16:00,57.98,58.03,57.48,57.88,879643
8/29/2017 16:00,57.43,57.74,56.47,57.64,1537666
8/30/2017 16:00,57.53,58.8,57.25,58.22,1430195
8/31/2017 16:00,58.42,59.5,58.41,59.46,1793664
9/1/2017 16:00,59.62,60,58.48,58.54,1159900
9/5/2017 16:00,58.51,58.54,55.3,56.69,2812497
9/6/2017 16:00,56.53,57.17,55.91,57.12,1964462
9/7/2017 16:00,57,57.43,55.77,55.86,1642298
9/8/2017 16:00,55.84,56.98,55.01,55.12,1538205
9/11/2017 16:00,56.19,58.2,56,56.65,2873413
9/12/2017 16:00,56.92,57.22,56.41,57.2,1021481
9/13/2017 16:00,56.94,57.84,56.75,57.79,1400538
9/14/2017 16:00,57.35,58.58,57.25,57.72,1419091
9/15/2017 16:00,56.55,56.74,55.28,56.74,3940600
9/18/2017 16:00,56.7,57.21,56.28,56.35,1460673
9/19/2017 16:00,56.27,56.27,55.29,55.46,1512680
9/20/2017 16:00,55.36,55.42,53.71,54.36,2225540
9/21/2017 16:00,54.54,54.83,53.95,54.4,1231321
9/22/2017 16:00,54.09,54.81,53.75,54.02,1393086
9/25/2017 16:00,53.74,54.11,53.23,53.6,1422972
9/26/2017 16:00,54.46,55.68,54.26,54.89,2551595
9/27/2017 16:00,54.99,55.04,52.74,52.83,1974935
9/28/2017 16:00,52.52,53.93,51.99,53.65,2528567
9/29/2017 16:00,53.46,54.15,52.44,54.05,2518817
10/2/2017 16:00,53.94,54.53,53.6,54.42,1111997
10/3/2017 16:00,54.46,55.11,54.03,54.73,1212466
10/4/2017 16:00,54.58,56.2,54.53,55.98,1583110
10/5/2017 16:00,58.01,58.54,57.53,58.41,7774864
10/6/2017 16:00,58.25,59.4,58.25,58.84,3026934
10/9/2017 16:00,58.75,59.66,58.71,58.89,2211769
10/10/2017 16:00,59.19,59.54,58.99,59.16,2665044
10/11/2017 16:00,59.15,59.42,58.58,58.8,2730616
10/12/2017 16:00,58.56,59.3,58.43,58.86,33545860
10/13/2017 16:00,59.43,59.6,58.22,58.74,3969968
10/16/2017 16:00,58.83,59.15,58.4,58.92,2088652
10/17/2017 16:00,58.69,59,58.44,58.61,2382816
10/18/2017 16:00,58.45,58.45,57.13,57.47,4215009
10/19/2017 16:00,56.4,56.52,53.8,54.17,7962065
10/20/2017 16:00,54.87,54.94,53.45,53.73,3472004
10/23/2017 16:00,53.76,54.1,53.53,53.72,1992669
10/24/2017 16:00,53.63,54.78,53.5,54.66,2486859
10/25/2017 16:00,54.67,55.19,54.38,54.79,2425106
10/26/2017 16:00,54.8,55.25,54.53,54.92,1375435
10/27/2017 16:00,54.8,56.28,54.49,55.64,2319615
10/30/2017 16:00,55.29,55.67,54.67,54.8,974296
10/31/2017 16:00,54.82,55.98,54.72,55.75,1446800
11/1/2017 16:00,56.06,56.1,54.04,54.2,2249089
11/2/2017 16:00,54.27,55.17,54.21,54.91,2139138
11/3/2017 16:00,54.91,55.09,54.53,55.03,923232
11/6/2017 16:00,55,56.12,54.91,55.26,1520114
11/7/2017 16:00,56.55,57.37,54.97,55.36,1829321
11/8/2017 16:00,55.37,55.63,54.81,55.56,1423638
11/9/2017 16:00,55.74,58.27,55.29,56.89,3116498
11/10/2017 16:00,55.75,56.06,54.07,55.23,2282212
11/13/2017 16:00,54.91,55.34,54.65,55.27,1723691
11/14/2017 16:00,55.08,55.22,54.1,55.1,1310705
11/15/2017 16:00,55.09,55.19,54.58,55.07,1357086
11/16/2017 16:00,53.85,54.3,53.5,53.97,6225198
11/17/2017 16:00,54.12,54.9,53.69,54.84,3963086
11/20/2017 16:00,54.78,55.09,54.28,54.69,2325901
11/21/2017 16:00,54.93,55.88,54.8,55.48,2029823
11/22/2017 16:00,55.42,56,55.11,55.31,1277544
11/24/2017 13:00,55.41,55.74,55.01,55.5,550824
11/27/2017 16:00,55.55,56.03,55.47,55.61,1232845
11/28/2017 16:00,55.62,55.83,54.92,55.31,1767842
11/29/2017 16:00,55.48,56.21,55.12,55.29,1640080
11/30/2017 16:00,54,54.69,52.36,54.16,3497128
12/1/2017 16:00,53.94,54.91,53.68,54.81,1317556
12/4/2017 16:00,55.68,56.84,55.3,55.41,2510729
12/5/2017 16:00,55.53,55.67,54.27,54.33,942505
12/6/2017 16:00,54.49,54.8,53.7,54.31,1167988
12/7/2017 16:00,54.5,54.62,54.08,54.34,1132775
12/8/2017 16:00,54.74,55.57,54.36,55.03,1255882
12/11/2017 16:00,54.75,55.37,54.33,54.72,1536060
12/12/2017 16:00,54.64,54.64,53.55,53.65,1644211
12/13/2017 16:00,53.93,53.93,53.09,53.16,1239618
12/14/2017 16:00,53.16,53.46,52.7,52.81,1450101
12/15/2017 16:00,53.14,54.3,52.58,54,9077608
12/18/2017 16:00,54.51,55.36,54.5,54.98,2187945
12/19/2017 16:00,55.37,56.05,55.02,55.59,1592868
12/20/2017 16:00,55.64,56.41,54.74,54.82,1797976
12/21/2017 16:00,55.07,55.31,54.01,54.14,1350957
12/22/2017 16:00,53.75,54.47,53.72,54.03,1276072
12/26/2017 16:00,53.93,54.25,53.65,53.73,906995
12/27/2017 16:00,53.95,54.19,53.7,54,798328
12/28/2017 16:00,54.01,54.03,53.34,53.61,1188115
12/29/2017 16:00,53.45,53.96,53.2,53.25,892415
1/2/2018 16:00,53.76,54.97,53.58,54.96,1617872
1/3/2018 16:00,54.95,55.62,54.65,55.37,1399683
1/4/2018 16:00,55.35,55.78,54.66,54.68,1432954
1/5/2018 16:00,55.11,55.11,54.22,54.87,1178303
1/8/2018 16:00,54.92,55,54.38,54.66,1056476
1/9/2018 16:00,54.83,55.29,54.51,54.94,1002247
1/10/2018 16:00,55,55.82,54.9,55.6,1396628
1/11/2018 16:00,55.84,56.5,55.76,56.16,2125763
1/12/2018 16:00,56.38,58.04,56.25,57.85,2057732
1/16/2018 16:00,58.05,58.45,57.13,57.39,1638964
1/17/2018 16:00,58.54,59.3,57.73,59.27,2614712
1/18/2018 16:00,59.04,59.14,58.45,58.86,1442455
1/19/2018 16:00,58.88,59.69,58.74,59.43,2143248
1/22/2018 16:00,59.45,59.45,58.38,59.37,1633253
1/23/2018 16:00,59.49,59.49,58.29,58.33,1614933
1/24/2018 16:00,58.71,60.61,58.32,59.77,3544159
1/25/2018 16:00,60.01,60.39,58.91,59.61,1272692
1/26/2018 16:00,60,60.96,59.55,60.93,1319471
1/29/2018 16:00,60.61,61.03,60.11,60.57,1125005
1/30/2018 16:00,60.05,60.91,59.51,59.96,1062871
1/31/2018 16:00,60,61.05,60,60.74,1568904
2/1/2018 16:00,60.77,61.07,60.08,60.59,1220252
2/2/2018 16:00,60.49,60.87,58.91,59,1370249
2/5/2018 16:00,59.53,61.18,56.94,56.95,2323181
2/6/2018 16:00,55.99,58.35,55.2,58.2,2467971
2/7/2018 16:00,57.93,59.01,57.53,57.74,1518687
2/8/2018 16:00,57.75,58.04,56,56.01,1793375
2/9/2018 16:00,56.57,57.04,54.25,56.21,1744454
2/12/2018 16:00,56.84,57.86,56.44,57.45,1833033
2/13/2018 16:00,57.24,57.67,56.87,57.5,1500321
2/14/2018 16:00,56.95,58.94,56.88,58.88,1465256
2/15/2018 16:00,59.28,59.64,58.77,59.36,1909029
2/16/2018 16:00,59.01,59.5,58.61,59.11,1036983
2/20/2018 16:00,58.69,59.66,58.6,58.95,1505814
2/21/2018 16:00,59.19,59.48,58.72,58.72,1744554
2/22/2018 16:00,59.53,59.61,56.95,57.29,2591119
2/23/2018 16:00,58.08,58.2,57.29,57.9,1258968
2/26/2018 16:00,58.35,58.5,57.25,57.95,1380301
2/27/2018 16:00,57.94,58.44,56.17,56.27,1845556
2/28/2018 16:00,56.26,58,56.08,56.9,13538239
3/1/2018 16:00,57,57.5,56.09,56.77,3016655
3/2/2018 16:00,56.13,56.78,55.53,56.44,4246074
3/5/2018 16:00,56.28,56.39,54.86,55.58,2327409
3/6/2018 16:00,55.76,56.14,55.42,56,1980406
3/7/2018 16:00,55.4,56,54.99,55.5,1877277
3/8/2018 16:00,55.8,56.08,55.25,55.45,1832045
3/9/2018 16:00,55.78,57.2,55.58,57.15,2756935
3/12/2018 16:00,57.2,57.43,56.38,56.58,1907036
3/13/2018 16:00,56.93,57.24,56.49,56.65,1594750
3/14/2018 16:00,56.75,57.03,55.67,55.95,1580510
3/15/2018 16:00,56.06,56.09,55.26,55.34,1537034
3/16/2018 16:00,55.24,56.24,55.23,56.12,2470880
3/19/2018 16:00,56.12,56.27,55.1,55.42,1552067
3/20/2018 16:00,55.73,56.31,55.35,55.72,1308982
3/21/2018 16:00,55.75,55.93,54.09,54.17,2225190
3/22/2018 16:00,54.27,55.03,52.55,52.71,2560308
3/23/2018 16:00,52.88,53.1,51.3,51.4,2380352
3/26/2018 16:00,52.21,52.47,51.31,52.44,1601196
3/27/2018 16:00,52.52,54.16,52.32,52.87,2723139
3/28/2018 16:00,52.87,53.3,51.74,52.48,5257969
3/29/2018 16:00,52.7,53.4,52.26,52.97,1782373
4/2/2018 16:00,53,53.24,51.37,51.97,1545363
4/3/2018 16:00,52.22,52.63,51.81,52.39,1542566
4/4/2018 16:00,51.65,53.17,51.39,53.04,1362407
4/5/2018 16:00,53.29,54.68,52.9,54.39,3784541
4/6/2018 16:00,54.04,54.35,52.73,53.21,2407684
4/9/2018 16:00,53.4,53.96,52.97,53.03,1033671
4/10/2018 16:00,53.58,53.62,50.98,52,3227539
4/11/2018 16:00,51.99,52.71,51.76,52.33,1940737
4/12/2018 16:00,52.69,53.69,52.64,53.34,1718305
4/13/2018 16:00,53.55,53.94,52.29,52.42,1487641
4/16/2018 16:00,52.77,53.8,52.77,53.44,1223937
4/17/2018 16:00,54,54.27,53.63,53.88,1652675
4/18/2018 16:00,56.13,56.5,54.84,55.43,2828982
4/19/2018 16:00,55.41,55.49,54.56,54.96,1342563
4/20/2018 16:00,54.97,55.73,54.85,55.65,1410289
4/23/2018 16:00,55.78,57.08,55.45,56.75,2245623
4/24/2018 16:00,57.18,57.37,55.77,56.11,1416579
4/25/2018 16:00,56.17,56.61,55.46,56.38,1231635
4/26/2018 16:00,57,57.15,54.74,55.05,2228327
4/27/2018 16:00,55.05,55.85,54.52,54.75,1514392
4/30/2018 16:00,54.96,55.03,53.33,53.47,2295439
5/1/2018 16:00,53.24,53.89,52.79,53.86,2029657
5/2/2018 16:00,54.93,55.78,51.71,52.03,3130214
5/3/2018 16:00,52.11,52.13,50.69,51.1,2026855
5/4/2018 16:00,51.15,51.8,50.8,51.51,1847843
5/7/2018 16:00,51.01,51.46,50.16,50.31,2467122
5/8/2018 16:00,50.31,51.45,50.25,50.65,1853478
5/9/2018 16:00,50.86,51.17,50.48,51.16,1808755
5/10/2018 16:00,51.38,51.96,51.2,51.4,1118969
5/11/2018 16:00,51.26,51.55,51,51.46,993042
5/14/2018 16:00,51.48,51.74,51.26,51.42,1185304
5/15/2018 16:00,51.32,51.82,51.24,51.71,1494319
5/16/2018 16:00,52,53,51.52,52.5,2375829
5/17/2018 16:00,52.22,52.86,52.22,52.49,2048189
5/18/2018 16:00,52.5,53.19,52.17,52.97,1322352
5/21/2018 16:00,53.19,53.78,53.04,53.32,1570205
5/22/2018 16:00,53.31,53.55,53.12,53.18,1278846
5/23/2018 16:00,52.83,53.4,52.42,52.85,1438693
5/24/2018 16:00,52.95,53.89,52.81,53.67,1569248
5/25/2018 16:00,53.58,54.37,53.42,54.13,2213486
5/29/2018 16:00,53.68,54.07,52.64,52.81,2905992
5/30/2018 16:00,53.16,53.22,52.62,52.77,1503478
5/31/2018 16:00,52.87,52.97,52.04,52.34,1763165
6/1/2018 16:00,52.55,53.2,52.55,53.18,1714228
6/4/2018 16:00,53.26,53.45,52.86,53.03,1468014
6/5/2018 16:00,51.14,51.65,50.26,50.8,3590757
6/6/2018 16:00,50.73,51.58,50.36,51.55,1541415
6/7/2018 16:00,51.81,52.56,51.6,51.95,2832992
6/8/2018 16:00,51.8,51.82,51.32,51.75,888901
6/11/2018 16:00,51.92,52.51,51.76,52.27,763354
6/12/2018 16:00,52.48,53.3,52.17,52.73,1071613
6/13/2018 16:00,53.19,54.61,52.76,53.44,2929014
6/14/2018 16:00,54.07,55.11,53.94,54.45,2684208
6/15/2018 16:00,53.83,54.95,53.35,54.95,2345613
6/18/2018 16:00,54.42,54.65,53.88,54.55,1109353
6/19/2018 16:00,54,54.12,53.44,53.61,3222272
6/20/2018 16:00,53.44,53.84,52.93,52.99,1197035
6/21/2018 16:00,53.06,53.1,51.87,51.9,926334
6/22/2018 16:00,51.97,52.2,51.66,51.96,3325647
6/25/2018 16:00,50.95,50.95,47.33,48.77,5794685
6/26/2018 16:00,48.73,49.7,47.66,49.48,2771583
6/27/2018 16:00,49.73,49.99,48.02,48.1,3094203
6/28/2018 16:00,48.16,48.16,47.06,47.65,2232020
6/29/2018 16:00,47.65,47.97,47.18,47.25,2972190
7/2/2018 16:00,46.79,47.23,46.4,47.06,1973834
7/3/2018 13:00,47.26,47.39,46.55,46.65,927296
7/5/2018 16:00,46.98,46.98,46.16,46.62,2245125
7/6/2018 16:00,46.45,47.21,46.45,47.05,919837
7/9/2018 16:00,47.42,48.06,47.17,47.77,1176425
7/10/2018 16:00,47.71,48.18,47.49,47.6,1511703
7/11/2018 16:00,47.13,47.8,46.96,47.61,2035392
7/12/2018 16:00,47.99,48.38,47.79,47.96,1275265
7/13/2018 16:00,47.89,48.09,47.02,47.08,1928052
7/16/2018 16:00,47.31,47.67,46.92,47.19,1617660
7/17/2018 16:00,47.15,47.9,46.93,47.57,1546201
7/18/2018 16:00,49.22,51.7,49,50.14,6735039
7/19/2018 16:00,50.04,50.15,49.26,49.85,2211638
7/20/2018 16:00,49.73,49.79,49.33,49.54,1180875
7/23/2018 16:00,49.9,50.15,49.66,49.85,2530913
7/24/2018 16:00,50.23,50.38,49.25,49.85,2826828
7/25/2018 16:00,49.61,50.2,49.16,50.16,1806520
7/26/2018 16:00,50.04,50.61,49.9,50.05,1017497
7/27/2018 16:00,50.64,50.68,49.64,49.76,1236754
7/30/2018 16:00,49.59,50.17,49.45,49.76,1238704
7/31/2018 16:00,49.95,50.27,49.52,50.03,2079479
8/1/2018 16:00,50.03,50.36,49.06,49.22,1273731
8/2/2018 16:00,48.75,49.72,47.78,49.68,2028256
8/3/2018 16:00,49.83,50.26,49.5,49.81,1313014
8/6/2018 16:00,49.6,49.86,49.27,49.75,1099489
8/7/2018 16:00,49.83,50.05,49.54,49.61,1365420
8/8/2018 16:00,49.76,49.91,48.88,48.93,1796003
8/9/2018 16:00,51.46,51.6,49.87,50.95,4387848
8/10/2018 16:00,51.36,51.36,49.88,50.61,1854963
8/13/2018 16:00,50.59,51.51,50.43,51.16,2532495
8/14/2018 16:00,51.12,52.19,50.82,52.02,2275824
8/15/2018 16:00,51.47,52.03,51.21,51.97,1886095
8/16/2018 16:00,52.2,52.6,51.83,51.89,1133686
8/17/2018 16:00,51.94,52.6,51.57,52.49,2497979
8/20/2018 16:00,52.37,53.34,52.37,53.08,2169489
8/21/2018 16:00,53.02,53.78,53.02,53.36,1509808
8/22/2018 16:00,53.24,53.24,52.57,52.59,1175175
8/23/2018 16:00,52.34,52.68,52.16,52.38,1085907
8/24/2018 16:00,52.68,53.27,52.3,53.07,966362
8/27/2018 16:00,53.4,53.84,53.32,53.43,1203792
8/28/2018 16:00,53.46,53.66,53.08,53.61,899483
8/29/2018 16:00,53.87,54.55,53.81,54.25,2194514
8/30/2018 16:00,54.15,54.24,53.28,53.32,1416254
8/31/2018 16:00,53.29,53.71,53.09,53.61,1921446
9/4/2018 16:00,53.53,53.69,52.68,53.02,1425475
9/5/2018 16:00,52.97,53.39,52.69,52.98,1182967
9/6/2018 16:00,53.52,53.83,53.15,53.2,1371413
9/7/2018 16:00,52.95,53.46,52.53,53.37,965435
9/10/2018 16:00,53.72,53.89,53.23,53.42,1116562
9/11/2018 16:00,53.25,53.38,52.8,53.16,1203467
9/12/2018 16:00,53,53.67,52.62,53.52,1066419
9/13/2018 16:00,53.6,54.23,53.43,53.99,1059669
9/14/2018 16:00,54.16,55.69,54.13,55.47,3041324
9/17/2018 16:00,55.47,56.53,55.27,55.83,1947571
9/18/2018 16:00,55.66,57.04,55.55,56.92,2061035
9/19/2018 16:00,57.16,57.41,56.74,57.05,1402192
9/20/2018 16:00,57.38,57.6,57.15,57.46,1297017
9/21/2018 16:00,57.46,58.09,57.28,57.88,2787260
9/24/2018 16:00,57.6,57.6,56.41,56.94,1698225
9/25/2018 16:00,56.85,56.85,56.35,56.42,1201216
9/26/2018 16:00,56.87,57.46,56.72,57.18,2358008
9/27/2018 16:00,54.55,57.05,53.57,56.89,4532635
9/28/2018 16:00,57.2,57.91,56.8,57.43,1925076
10/1/2018 16:00,57.6,57.86,56.69,56.76,1290761
10/2/2018 16:00,56.83,57.07,56.38,56.48,896594
10/3/2018 16:00,56.66,56.87,56.13,56.16,1040324
10/4/2018 16:00,55.91,56.19,54.74,55.05,1981374
10/5/2018 16:00,55.05,55.56,53.91,54.24,1475168
10/8/2018 16:00,54.16,54.37,53.43,54.28,1476870
10/9/2018 16:00,54.16,54.41,53.83,53.97,790684
10/10/2018 16:00,53.78,53.84,52.02,52.11,1796982
10/11/2018 16:00,52,52.18,50.39,50.62,2488411
10/12/2018 16:00,51.43,51.61,49.99,50.7,3275354
10/15/2018 16:00,50.68,51.39,50.57,50.71,1809925
10/16/2018 16:00,51.3,52.07,50.9,51.9,1848361
10/17/2018 16:00,51.8,52.08,51.01,51.42,1593916
10/18/2018 16:00,51.22,51.35,49.72,49.89,3166429
10/19/2018 16:00,49.96,50.32,48.89,49,2722969
10/22/2018 16:00,49.24,49.55,48.06,48.21,1980083
10/23/2018 16:00,47.32,48.38,46.55,48.09,3009943
10/24/2018 16:00,47.88,48.04,45.02,45.08,3023320
10/25/2018 16:00,45.67,45.74,44.28,45.43,3646187
10/26/2018 16:00,44.84,44.87,43.46,43.88,3232317
10/29/2018 16:00,44.45,44.82,41.73,42.33,3366821
10/30/2018 16:00,42.52,42.66,41.61,42.4,4543645
10/31/2018 16:00,43.21,44.51,42.88,44.07,4588919
11/1/2018 16:00,44.56,46.42,44.28,46.4,3723930
11/2/2018 16:00,46.52,46.84,45.34,45.8,4422103
11/5/2018 16:00,45.8,46.45,45.55,46.09,3311466
11/6/2018 16:00,45.97,46.94,45.59,46.57,2531959
11/7/2018 16:00,47.03,48.09,46.82,48,3053461
11/8/2018 16:00,49.01,50.4,48.36,49.27,3642567
11/9/2018 16:00,49.04,49.49,48.33,48.75,2910062
11/12/2018 16:00,48.6,49.33,48.4,48.57,3405853
11/13/2018 16:00,48.93,50.1,48.76,49.49,3316823
11/14/2018 16:00,49.92,50.66,49.38,49.71,2649474
11/15/2018 16:00,49.15,50.52,48.76,50.44,1997061
11/16/2018 16:00,50.12,51.06,49.84,50.43,1444520
11/19/2018 16:00,50.45,50.71,49.14,49.27,2324612
11/20/2018 16:00,48.41,49.72,47.99,49.49,2126395
11/21/2018 16:00,49.9,50.55,49.66,50.15,1146467
11/23/2018 13:00,49.85,51.33,49.85,50.74,880941
11/26/2018 16:00,51.16,51.63,50.72,51.56,1464901
11/27/2018 16:00,51.21,51.57,50.66,50.96,1338080
11/28/2018 16:00,51.15,51.98,50.75,51.59,1727584
11/29/2018 16:00,52.16,52.73,51.38,51.56,10919098
11/30/2018 16:00,51.35,51.65,50.09,51.32,4278784
12/3/2018 16:00,52,52.88,51.42,51.54,4229041
12/4/2018 16:00,50.98,51.08,48.52,48.77,5194241
12/6/2018 16:00,48.63,49.38,47.83,49.36,2523223
12/7/2018 16:00,49.05,49.68,47.17,47.59,2154049
12/10/2018 16:00,47.66,48.18,46.7,47.73,1557118
12/11/2018 16:00,48.53,48.89,46.87,47.23,1900233
12/12/2018 16:00,47.95,48.49,47.61,47.67,1040637
12/13/2018 16:00,47.72,48.04,46.85,47.27,1333772
12/14/2018 16:00,46.75,48.29,46.75,47.62,1840280
12/17/2018 16:00,47.56,47.98,46.84,47.14,1788959
12/18/2018 16:00,47.65,48,46.45,46.77,2365419
12/19/2018 16:00,46.95,47.78,44.94,45.17,3833549
12/20/2018 16:00,43.72,44.6,41.71,42.3,4627374
12/21/2018 16:00,42.22,42.63,40.54,40.79,4771293
12/24/2018 13:00,40.36,40.72,39.54,39.55,1190414
12/26/2018 16:00,39.75,41.94,39.36,41.94,2278448
12/27/2018 16:00,41.1,41.56,39.84,41.56,1868210
12/28/2018 16:00,41.82,42.41,41.3,41.98,1714958
12/31/2018 16:00,42.29,42.47,41.51,42.39,2119873
1/2/2019 16:00,41.88,42.84,41.52,42.38,1917427
1/3/2019 16:00,41.87,42.12,40.5,40.71,2654528
1/4/2019 16:00,41.52,43.34,41.41,43.03,2318682
1/7/2019 16:00,43,44.13,42.81,43.71,1519486
1/8/2019 16:00,44.98,45.68,44.5,45.03,2224924
1/9/2019 16:00,45.63,46.05,45.03,45.74,1882576
1/10/2019 16:00,45.35,46.24,44.97,46.17,1700910
1/11/2019 16:00,45.99,46.41,45.78,46.19,1611733
1/14/2019 16:00,45.7,46.1,45.42,45.54,1276262
1/15/2019 16:00,45.54,46.16,45.46,46.03,1562831
1/16/2019 16:00,45.93,46.34,45.48,45.85,1884593
1/17/2019 16:00,45.67,46.99,45.59,46.79,1695507
1/18/2019 16:00,47.05,47.61,46.91,47.53,2390738
1/22/2019 16:00,47.18,47.37,46.25,46.6,1844702
1/23/2019 16:00,46.78,47.08,46.08,46.72,1317138
1/24/2019 16:00,46.86,47.32,46.72,46.99,966567
1/25/2019 16:00,47.69,47.99,47.35,47.93,1192318
1/28/2019 16:00,47.29,48.59,47.25,48.37,3226699
1/29/2019 16:00,48.44,48.93,48.05,48.72,3060824
1/30/2019 16:00,49.73,51.16,49.32,50.85,6069305
1/31/2019 16:00,50.57,51.8,50.43,51.43,3760935
2/1/2019 16:00,51.4,51.97,51.29,51.47,2196828
2/4/2019 16:00,51.33,52.11,51.33,52.08,2140615
2/5/2019 16:00,52.2,52.46,51.55,51.81,1631600
2/6/2019 16:00,53.04,53.18,52.19,52.62,1910956
2/7/2019 16:00,52.09,52.1,50.66,51.35,1766008
2/8/2019 16:00,50.84,51.45,50.84,51.31,1324178
2/11/2019 16:00,51.55,52.02,51.35,51.88,828388
2/12/2019 16:00,52.23,52.45,51.6,51.82,1478091
2/13/2019 16:00,52.5,52.9,52.07,52.54,1416861
2/14/2019 16:00,52.14,52.39,51.7,52.19,909404
2/15/2019 16:00,52.6,53.03,52.11,53.03,1943360
2/19/2019 16:00,53.77,53.78,52.96,53.38,2145811
2/20/2019 16:00,53.23,53.9,53.12,53.7,2155595
2/21/2019 16:00,54.75,55.93,54.75,55.52,3847619
2/22/2019 16:00,55.7,55.97,55.16,55.35,3815278
2/25/2019 16:00,56.26,56.43,55.33,55.94,3708777
2/26/2019 16:00,55.97,56.1,55.44,55.57,3056251
2/27/2019 16:00,55.37,55.6,54.62,54.92,3125522
2/28/2019 16:00,54.78,55.91,54.54,55.53,3249832
3/1/2019 16:00,55.96,56.3,55.05,55.27,1663734
3/4/2019 16:00,55.29,55.62,54.3,54.6,1790028
3/5/2019 16:00,54.64,55.64,54.58,55.45,2581708
3/6/2019 16:00,55.54,55.64,54.97,55.12,2545343
3/7/2019 16:00,54.87,55.07,54.3,54.66,2682935
3/8/2019 16:00,54.23,55.04,54.04,55.01,1857635
3/11/2019 16:00,55.06,55.8,55.03,55.46,2049677
3/12/2019 16:00,55.52,55.71,54.8,55.35,1685406
3/13/2019 16:00,55.6,55.96,54.8,55.08,1646155
3/14/2019 16:00,54.97,55.33,54.56,55.16,1550093
3/15/2019 16:00,55.14,55.87,54.84,55.55,2326464
3/18/2019 16:00,55.74,56.16,55.47,56.16,1337259
3/19/2019 16:00,56.21,56.55,55.79,56.11,1717774
3/20/2019 16:00,55.97,56.16,55.06,55.87,2655986
3/21/2019 16:00,55.58,56.67,55.57,56.5,1502348
3/22/2019 16:00,56.35,56.56,55.38,55.62,2998301
3/25/2019 16:00,55.53,55.75,54.77,55.17,1977577
3/26/2019 16:00,53.31,55.34,53.26,54.48,3147931
3/27/2019 16:00,54.65,54.76,53.54,53.94,2322293
3/28/2019 16:00,53.97,54.73,53.9,54.33,1777409
3/29/2019 16:00,54.66,55.13,54.21,54.96,2577917
4/1/2019 16:00,55.47,56.24,55.42,56.11,1708296
4/2/2019 16:00,56.03,56.56,55.65,56.5,1320972
4/3/2019 16:00,56.81,57,56.58,56.76,1016938
4/4/2019 16:00,56.84,57.09,56.67,56.73,1175262
4/5/2019 16:00,56.89,57.42,56.82,57.13,1469942
4/8/2019 16:00,57.1,57.31,56.52,57.29,2000891
4/9/2019 16:00,56.99,57,55.66,55.88,1569073
4/10/2019 16:00,55.96,56.69,55.7,56.5,1292949
4/11/2019 16:00,56.77,57.68,56.71,57.48,1906620
4/12/2019 16:00,57.96,58.81,57.93,58.6,2154227
4/15/2019 16:00,58.69,58.9,58.14,58.67,2460503
4/16/2019 16:00,58.92,59.64,58.9,59.56,1559094
4/17/2019 16:00,59.49,59.71,57.63,57.84,2661842
4/18/2019 16:00,57.76,57.94,56.6,56.92,2784603
4/22/2019 16:00,56.57,56.78,56.22,56.6,988502
4/23/2019 16:00,56.74,57.43,56.44,57.3,1569553
4/24/2019 16:00,57.22,57.51,56.79,56.98,1627521
4/25/2019 16:00,57,57.15,56.36,56.8,1518392
4/26/2019 16:00,56.97,57.47,56.74,57.27,1469580
4/29/2019 16:00,57.3,57.61,57.06,57.08,1389685
4/30/2019 16:00,57.14,57.14,56.11,56.39,2274484
5/1/2019 16:00,58.71,59.6,57.92,58,3898718
5/2/2019 16:00,57.67,57.8,56.58,56.9,2163563
5/3/2019 16:00,57.11,58.43,57.02,58.25,2403077
5/6/2019 16:00,57.04,58.57,56.96,58.29,1942346
5/7/2019 16:00,57.69,58.01,56.69,57.19,1733290
5/8/2019 16:00,57.04,57.61,56.79,57.34,2909089
5/9/2019 16:00,58,58.26,55.77,57.59,3546821
5/10/2019 16:00,57.63,58.4,55.92,57.9,2560050
5/13/2019 16:00,57.02,57.02,55.09,55.29,3309346
5/14/2019 16:00,55.5,56.9,55.42,56.3,2938552
5/15/2019 16:00,55.77,56.95,55.39,56.73,1511040
5/16/2019 16:00,57,57.87,56.76,57.55,1262165
5/17/2019 16:00,56.79,57.77,56.75,56.92,1255442
5/20/2019 16:00,56,56.1,55.63,55.89,1492221
5/21/2019 16:00,56.38,56.97,56.3,56.77,2098229
5/22/2019 16:00,56.41,56.99,56.3,56.81,1133613
5/23/2019 16:00,56.06,56.43,55.19,55.55,1444391
5/24/2019 16:00,56,56.19,55.32,55.38,1175756
5/28/2019 16:00,55.48,55.83,55.02,55.22,1258764
5/29/2019 16:00,55,55.36,54.38,54.66,1888401
5/30/2019 16:00,54.88,55.34,54.78,55.16,711622
5/31/2019 16:00,54.5,54.93,54.27,54.71,1002136
6/3/2019 16:00,54.64,54.87,53.98,54.3,1790723
6/4/2019 16:00,53.96,54.41,51.56,54.26,5897037
6/5/2019 16:00,53.36,53.83,51.25,52.38,6167190
6/6/2019 16:00,52.05,52.28,51.03,51.94,3791334
6/7/2019 16:00,51.7,53.67,51.01,52.59,2569950
6/10/2019 16:00,52.59,54.02,52.53,53.83,2294692
6/11/2019 16:00,54.13,54.38,53.54,53.59,1775643
6/12/2019 16:00,53.43,53.95,53.11,53.84,1270675
6/13/2019 16:00,53.82,53.91,53.2,53.72,1288193
6/14/2019 16:00,53.78,54.54,53.59,54.28,1634445
6/17/2019 16:00,54.23,54.41,53.01,53.04,1790220
6/18/2019 16:00,53.46,54.24,53.22,53.75,2019666
6/19/2019 16:00,54,54.01,53.47,53.91,1022137
6/20/2019 16:00,52,53.19,51.63,52.56,3373470
6/21/2019 16:00,52.04,52.04,51.09,51.11,3530085
6/24/2019 16:00,50.91,51.17,49.88,50.83,3243317
6/25/2019 16:00,50.7,51.19,50.37,50.86,2241056
6/26/2019 16:00,51.17,51.33,50.33,50.41,1624229
6/27/2019 16:00,50.49,51.87,50.28,51.84,1531539
6/28/2019 16:00,51.9,53.63,51.85,53.63,3881138
7/1/2019 16:00,54.3,54.3,52.66,52.82,2565794
7/2/2019 16:00,52.97,53.73,52.62,53.73,1841160
7/3/2019 13:00,53.56,53.87,52.35,52.76,1739384
7/5/2019 16:00,52.73,52.79,51.84,51.95,1347153
7/8/2019 16:00,51.65,51.74,50.05,50.25,2458113
7/9/2019 16:00,50.01,50.78,49.55,50.76,2464502
7/10/2019 16:00,50.97,51.05,49.55,49.65,3089152
7/11/2019 16:00,49.65,49.79,48.9,49.62,2445996
7/12/2019 16:00,49.64,49.92,49.37,49.79,1249594
7/15/2019 16:00,49.9,50.73,49.9,50.36,1393120
7/16/2019 16:00,50.27,51.13,50.03,50.82,2962273
7/17/2019 16:00,50.87,50.87,49.29,49.4,1861798
7/18/2019 16:00,49.15,49.67,48.95,49.28,1097618
7/19/2019 16:00,49.54,49.82,48.54,48.6,1509128
7/22/2019 16:00,48.51,48.88,47.85,47.92,3108351
7/23/2019 16:00,48.14,48.56,47.74,48.45,3248491
7/24/2019 16:00,48.41,49.62,48.18,49.46,3016815
7/25/2019 16:00,48.68,49.67,48.47,48.76,2010385
7/26/2019 16:00,49.2,49.56,48.93,49.04,1191829
7/29/2019 16:00,48.99,49.33,48.89,49.1,949812
7/30/2019 16:00,48.64,48.95,48.45,48.5,1604498
7/31/2019 16:00,48.54,49.7,48.39,49.44,3470715
8/1/2019 16:00,49.48,49.91,48.41,48.57,3272258
8/2/2019 16:00,48.3,48.33,47,47.45,2341175
8/5/2019 16:00,46.4,46.56,45.64,46.05,2309137
8/6/2019 16:00,46.35,46.94,45.93,46.92,2884567
8/7/2019 16:00,46.45,47.88,46.15,47.64,4154661
8/8/2019 16:00,47.35,49.36,46.81,48.6,4443775
8/9/2019 16:00,49.38,50.14,49,49.66,3798671
8/12/2019 16:00,49.31,49.83,48.87,49.36,2821992
8/13/2019 16:00,48.68,50.72,48.42,50.44,3279326
8/14/2019 16:00,49.72,50.1,48.78,48.91,3365580
8/15/2019 16:00,49.06,49.55,48.84,49.11,2027318
8/16/2019 16:00,49.61,50.64,49.47,50.48,1958869
8/19/2019 16:00,51.32,51.65,51.02,51.35,2112962
8/20/2019 16:00,51.21,51.4,50.8,50.98,1537332
8/21/2019 16:00,51.47,51.47,50.71,50.9,1241296
8/22/2019 16:00,50.8,50.99,50.16,50.5,1687555
8/23/2019 16:00,50.36,50.88,49.57,49.72,2825711
8/26/2019 16:00,50.15,50.34,49.31,49.48,1495097
8/27/2019 16:00,49.86,49.96,49,49.09,2507961
8/28/2019 16:00,48.93,49.93,48.54,49.57,1290119
8/29/2019 16:00,50,50.46,49.92,50.23,1088179
8/30/2019 16:00,50.52,50.88,50.39,50.75,2611633
9/3/2019 16:00,50.27,50.59,49.44,50.58,1904909
9/4/2019 16:00,51,51.62,50.76,51.04,1203962
9/5/2019 16:00,51.53,52.36,51.49,52.31,1981552
9/6/2019 16:00,52.39,52.47,51.8,52.12,1558415
9/9/2019 16:00,52.44,52.96,52.44,52.94,2028565
9/10/2019 16:00,53.02,54.69,52.85,54.67,3031158
9/11/2019 16:00,54.61,55.18,53.97,54.6,1476273
9/12/2019 16:00,54.87,55.03,53.6,54.42,1577001
9/13/2019 16:00,54.83,55.75,54.54,54.68,1547397
9/16/2019 16:00,53.62,54.53,53.12,53.34,2268056
9/17/2019 16:00,53,54.34,52.72,53.96,1688714
9/18/2019 16:00,53.82,54.14,53.33,53.88,1747742
9/19/2019 16:00,54.21,54.41,53.77,53.77,1408180
9/20/2019 16:00,54.06,54.33,53.24,53.67,1728785
9/23/2019 16:00,53.36,53.72,52.8,53.51,1460680
9/24/2019 16:00,53.73,54.41,52.95,53.11,1634253
9/25/2019 16:00,52.84,53.37,52.13,53.3,1297410
9/26/2019 16:00,51.87,52.01,50.65,51.26,1664303
9/27/2019 16:00,51.48,52.08,50.5,51.02,1296983
9/30/2019 16:00,51.34,52.07,51.22,51.77,1143608
10/1/2019 16:00,52,52.53,50.42,50.76,1249013
10/2/2019 16:00,50.47,50.93,49.13,49.14,2132081
10/3/2019 16:00,48.84,49.2,47.83,48.14,3430376
10/4/2019 16:00,48.12,48.67,47.74,48.44,2519749
10/7/2019 16:00,48.44,49.19,48.06,48.56,1185917
10/8/2019 16:00,48.13,48.22,47.1,47.17,1411575
10/9/2019 16:00,47.5,47.62,46.96,47.21,1308706
10/10/2019 16:00,47.35,48.32,47.3,48.09,1160072
10/11/2019 16:00,48.9,49.86,48.78,49.16,1052871
10/14/2019 16:00,48.89,49.54,48.8,49.33,739115
10/15/2019 16:00,49.5,50.22,49.42,49.61,1250870
10/16/2019 16:00,49.68,49.85,49.13,49.33,896133
10/17/2019 16:00,49.43,50.5,49.23,49.78,1363453
10/18/2019 16:00,49.57,50.39,49.57,50.21,1498530
10/21/2019 16:00,50.98,51.48,50.66,50.95,2047871
10/22/2019 16:00,51.07,51.07,49.95,49.97,912218
10/23/2019 16:00,49.98,50.7,49.76,50.69,878083
10/24/2019 16:00,50.79,51.32,50.67,50.97,1367391
10/25/2019 16:00,50.74,51.66,50.74,51.47,928459
10/28/2019 16:00,51.53,52.33,51.53,51.89,1084165
10/29/2019 16:00,52.05,52.64,51.73,52.62,1825267
10/30/2019 16:00,53.06,53.15,50.75,51.19,3024585
10/31/2019 16:00,50.96,50.97,49.97,50.76,1747047
11/1/2019 16:00,51.12,51.48,50.69,51.33,1394874
11/4/2019 16:00,51.71,52.3,51.33,52.29,1231111
11/5/2019 16:00,52.36,52.74,51.95,52.49,2521617
11/6/2019 16:00,52.75,52.77,51.52,52.06,2765037
11/7/2019 16:00,53.21,54,50.05,52.22,3222045
11/8/2019 16:00,51.96,52.28,51.18,51.82,1944996
11/11/2019 16:00,51.56,52.15,51.46,51.92,1097055
11/12/2019 16:00,52,52.17,51.12,51.26,1694740
11/13/2019 16:00,50.99,52.21,50.83,52.12,1494231
11/14/2019 16:00,52.06,52.67,51.59,52.41,1291055
11/15/2019 16:00,52.61,53.24,52.48,53.06,1558074
11/18/2019 16:00,53.1,53.55,52.56,53.49,1242669
11/19/2019 16:00,53.7,54.27,53.51,53.66,1912905
11/20/2019 16:00,53.29,53.61,52.53,52.78,2196521
11/21/2019 16:00,52.48,53.5,52.26,53.42,3274037
11/22/2019 16:00,53.75,54.32,53.6,54.01,1673968
11/25/2019 16:00,54.36,54.52,53.92,53.97,1149116
11/26/2019 16:00,53.9,54.44,53.78,53.93,2092896
11/27/2019 16:00,54.3,54.71,53.94,54.64,1075456
11/29/2019 13:00,54.43,54.67,53.58,53.64,606645
12/2/2019 16:00,53.7,53.97,52.98,53.15,1197152
12/3/2019 16:00,52.34,52.99,52.1,52.86,1696263
12/4/2019 16:00,52.86,53.81,52.86,53.61,1256908
12/5/2019 16:00,53.97,54.39,53.88,54.25,1159504
12/6/2019 16:00,54.76,55.18,54.5,54.71,1313991
12/9/2019 16:00,54.75,54.99,54.53,54.86,820180
12/10/2019 16:00,54.79,54.86,54.35,54.78,906810
12/11/2019 16:00,55,55.67,54.9,55.41,1250240
12/12/2019 16:00,55.45,56.26,55.21,56.13,1403375
12/13/2019 16:00,56.26,56.72,55.65,55.78,1057735
12/16/2019 16:00,56.36,56.36,55.19,55.22,1468211
12/17/2019 16:00,55.24,55.48,54.8,55.27,1470300
12/18/2019 16:00,55.32,55.32,54.59,54.83,1594037
12/19/2019 16:00,54.79,55.74,54.79,55.34,2071761
12/20/2019 16:00,56.03,57.98,56,57.56,2975058
12/23/2019 16:00,57.52,58.53,57.36,58.51,1972219
12/24/2019 13:00,58.57,58.57,58.04,58.38,497076
12/26/2019 16:00,58.48,59.13,58.1,59.11,909379
12/27/2019 16:00,59.2,59.34,58.81,59.11,842563
12/30/2019 16:00,59.1,59.11,58.25,58.59,609665
12/31/2019 16:00,58.5,58.65,58.28,58.41,940589
1/2/2020 16:00,58.79,59.11,58.15,58.83,978303
1/3/2020 16:00,57.74,58.22,57.25,57.6,1611803
1/6/2020 16:00,57.08,57.27,56.52,56.8,2303448
1/7/2020 16:00,56.55,57.27,56.48,56.97,1630141
1/8/2020 16:00,57.03,57.92,56.92,57.57,1187340
1/9/2020 16:00,58.06,58.13,57.52,58.06,782886
1/10/2020 16:00,58.23,58.39,57.57,57.96,1051871
1/13/2020 16:00,57.98,58.01,57.3,57.84,1357167
1/14/2020 16:00,57.77,58.09,57.68,57.9,1147409
1/15/2020 16:00,57.87,58.25,57.15,57.54,1212363
1/16/2020 16:00,57.75,58.61,57.69,58.58,1305471
1/17/2020 16:00,58.85,59.78,58.54,59.65,1701083
1/21/2020 16:00,59,59.03,57.57,57.95,2252759
1/22/2020 16:00,58.13,58.68,57.48,57.63,3227321
1/23/2020 16:00,56.8,58.28,55.92,58.22,1323786
1/24/2020 16:00,58.12,58.12,55.23,55.84,2244658
1/27/2020 16:00,53.12,54.59,53.1,54.16,2779155
1/28/2020 16:00,54.82,55.64,54.42,55,1484689
1/29/2020 16:00,55.16,56.22,55.13,56.02,1430706
1/30/2020 16:00,53.13,55.29,52.77,54.8,3359660
1/31/2020 16:00,54.75,54.91,53.41,53.85,2146671
2/3/2020 16:00,54.19,54.67,52.75,54.19,2456112
2/4/2020 16:00,55.43,55.68,54.65,54.75,1985185
2/5/2020 16:00,55.17,55.63,54.9,55.11,2200240
2/6/2020 16:00,55.78,55.85,55.08,55.1,1596516
2/7/2020 16:00,53.49,54.04,52.31,52.81,2369945
2/10/2020 16:00,52.25,52.25,50.97,51,2534867
2/11/2020 16:00,51.6,52.91,51.31,52.49,2002840
2/12/2020 16:00,52.85,54.28,52.84,54.21,1983031
2/13/2020 16:00,53.41,53.64,52.91,53.43,2246208
2/14/2020 16:00,52.44,53,52.44,52.46,2044491
2/18/2020 16:00,52.09,52.35,51.49,51.69,2179285
2/19/2020 16:00,51.7,52.35,51.7,52.02,2285652
2/20/2020 16:00,51.49,51.58,48.37,48.51,5621362
2/21/2020 16:00,48.12,48.16,46.85,46.97,4550091
2/24/2020 16:00,44.49,44.65,42.18,42.58,6497091
2/25/2020 16:00,42.95,43.06,39.18,39.31,5898828
2/26/2020 16:00,39.56,39.57,36.16,36.21,8128396
2/27/2020 16:00,35.07,37.09,33.17,34.74,10504567
2/28/2020 16:00,33.28,37.26,33.21,37.26,9206207
3/2/2020 16:00,37.1,37.1,33.98,35.59,7318891
3/3/2020 16:00,35.39,35.9,33.08,33.62,5704622
3/4/2020 16:00,34.25,34.25,31.47,33,7154924
3/5/2020 16:00,31.31,31.38,28,28.59,8778712
3/6/2020 16:00,27.4,30.25,26.55,27.1,12408836
3/9/2020 16:00,23.93,24.09,19.71,19.81,12091769
3/10/2020 16:00,22.24,22.25,17.12,20.5,21711656
3/11/2020 16:00,19.36,19.45,14.78,15.03,21658321
3/12/2020 16:00,11.49,13.43,9.6,9.65,29444965
3/13/2020 16:00,13.33,13.6,9.87,11.1,43494133
3/16/2020 16:00,10.46,13.41,10.1,10.94,35890792
3/17/2020 16:00,11.51,11.62,9.83,10.03,25250514
3/18/2020 16:00,9.73,9.99,7.03,7.77,24363465
3/19/2020 16:00,8.03,8.85,7.25,8.23,16537283
3/20/2020 16:00,9.09,10.98,8.23,8.72,27443906
3/23/2020 16:00,8.95,10.59,8.44,9.67,27174057
3/24/2020 16:00,12,15.76,11.3,13.75,46798337
3/25/2020 16:00,17.15,18,14.33,16.96,47730676
3/26/2020 16:00,16.8,20.28,15,15.71,51251060
3/27/2020 16:00,14.31,14.31,12.01,12.02,44214058
3/30/2020 16:00,11.11,11.84,9.82,10.68,32858286
3/31/2020 16:00,10.54,12.4,10.41,10.96,35119847
4/1/2020 16:00,10.5,10.59,9.45,9.55,31934377
4/2/2020 16:00,9.16,9.9,8.08,8.4,33277216
4/3/2020 16:00,9.06,9.25,8.12,8.46,24203847
4/6/2020 16:00,9.2,10.18,8.8,10.01,40974238
4/7/2020 16:00,12.27,13,10.36,11.01,56733103
4/8/2020 16:00,11.46,11.95,10.91,11.72,28293132
4/9/2020 16:00,12.72,14.18,12.25,13.11,53319986
4/13/2020 16:00,12.05,12.05,11,11.36,34352072
4/14/2020 16:00,12.49,12.98,11.63,12.35,38677051
4/15/2020 16:00,11.6,12.25,11.39,12.08,20560304
4/16/2020 16:00,11.94,12.14,11.13,11.35,20442252
4/17/2020 16:00,12.2,12.5,11.8,12.38,25069497
4/20/2020 16:00,11.96,12.3,11.46,11.49,26653407
4/21/2020 16:00,11.1,11.57,10.81,11,22928580
4/22/2020 16:00,11.3,11.47,10.65,10.87,18083412
4/23/2020 16:00,10.95,11.69,10.92,11.47,23018733
4/24/2020 16:00,11.37,11.48,10.66,10.86,22325520
4/27/2020 16:00,11.04,11.87,10.91,11.44,28613968
4/28/2020 16:00,12.33,13.38,11.93,13.09,37342579
4/29/2020 16:00,14.44,16.46,14.08,16.41,62157743
4/30/2020 16:00,16.22,17.48,15.18,16.4,57984425
5/1/2020 16:00,15.25,15.74,13.7,13.84,43335648
5/4/2020 16:00,12.57,14.48,12.22,14.44,39664542
5/5/2020 16:00,12.75,13.22,11.03,11.18,155971764
5/6/2020 16:00,11.79,11.94,10.88,11.12,128458025
5/7/2020 16:00,11.4,12.5,11.39,12,82249027
5/8/2020 16:00,12.83,13.13,12,12.43,77120964
5/11/2020 16:00,12.16,12.29,11.53,11.73,42615407
5/12/2020 16:00,11.89,11.96,11.07,11.09,36548919
5/13/2020 16:00,11,11.03,9.9,10.31,55477617
5/14/2020 16:00,9.94,11.33,9.24,10.76,68694310
5/15/2020 16:00,10.52,11.37,10.32,10.92,45461275
5/18/2020 16:00,11.88,13.47,11.76,12.88,104714065
5/19/2020 16:00,12.92,13.15,11.88,12.43,65613267
5/20/2020 16:00,12.76,13.01,12.08,12.78,63558499
5/21/2020 16:00,12.96,14.35,12.81,14.03,77421096
5/22/2020 16:00,14.72,15,13.72,13.9,65214385
5/26/2020 16:00,15.36,16.17,15.25,16.03,76937896
5/27/2020 16:00,17.76,17.84,15.83,17.59,102210008
5/28/2020 16:00,17.38,17.44,15.93,16.07,78868262
5/29/2020 16:00,15.28,16.06,15.05,15.66,77548609
6/1/2020 16:00,15.88,17.35,15.71,17.29,62400025
6/2/2020 16:00,17.98,18.29,16.97,17.39,62632153
6/3/2020 16:00,16.8,18.43,16.7,17.98,78460846
6/4/2020 16:00,18.16,20,17.39,19.59,88301351
6/5/2020 16:00,24.21,24.29,21.6,22.43,109689981
6/8/2020 16:00,25.28,26.91,24,26.86,105202631
6/9/2020 16:00,25.05,25.5,23.15,24.13,85767939
6/10/2020 16:00,22.71,22.71,19.4,20.65,126632791
6/11/2020 16:00,16.76,19,16.45,17.25,119113491
6/12/2020 16:00,19.58,20.58,18.67,20.5,114996361
6/15/2020 16:00,18.36,20.5,18.17,19.99,81509722
6/16/2020 16:00,22.46,22.47,20.11,20.96,89311006
6/17/2020 16:00,18.97,20.04,18.86,19.2,68441560
6/18/2020 16:00,18.5,20.08,18.43,19.31,56711709
6/19/2020 16:00,19.89,20,17.72,18.22,78742418
6/22/2020 16:00,17.53,17.74,16.63,17.09,62807334
6/23/2020 16:00,17.3,18.18,17.04,18.03,51733632
6/24/2020 16:00,17.22,17.25,15.33,15.8,77704355
6/25/2020 16:00,14.55,16.15,14.5,16.08,56763990
6/26/2020 16:00,16.2,16.4,14.85,15.28,50406459
6/29/2020 16:00,15.19,16.66,14.61,16.56,51431806
6/30/2020 16:00,16.21,16.58,15.57,16.43,42330063
7/1/2020 16:00,16.93,18.18,16.3,16.42,56033264
7/2/2020 16:00,17.07,17.36,15.86,15.97,42555155
7/6/2020 16:00,16.06,16.49,15.41,16.13,36917049
7/7/2020 16:00,15.88,16.02,15.22,15.27,24714507
7/8/2020 16:00,15.15,16.16,14.91,15.99,32430019
7/9/2020 16:00,16.19,16.46,15.03,15.2,29313434
7/10/2020 16:00,15.07,16.45,14.87,16.4,43942502
7/13/2020 16:00,16.39,16.63,15.5,15.6,34578501
7/14/2020 16:00,15.22,15.54,14.85,15.33,29311365
7/15/2020 16:00,16.33,18.68,16.24,18.5,86360519
7/16/2020 16:00,16.58,17.1,15.6,15.61,76351174
7/17/2020 16:00,15.34,15.68,15.01,15.27,74656226
7/20/2020 16:00,15.51,15.95,14.82,14.89,50348976
7/21/2020 16:00,15.11,15.31,14.68,14.98,50678787
7/22/2020 16:00,14.85,15.11,14.58,14.66,28875391
7/23/2020 16:00,14.57,14.86,13.96,14.41,43441529
7/24/2020 16:00,14.22,14.68,14.07,14.38,25494156
7/27/2020 16:00,14.28,14.3,13.26,13.38,33689907
7/28/2020 16:00,13.34,14.52,13.32,14.22,43793735
7/29/2020 16:00,14.22,14.49,13.81,14.34,27760895
7/30/2020 16:00,13.97,14.32,13.78,14.17,24503442
7/31/2020 16:00,13.99,14.1,13.46,13.64,28402162
8/3/2020 16:00,13.31,13.38,12.56,13.06,40525345
8/4/2020 16:00,13.04,13.91,13.01,13.56,28813101
8/5/2020 16:00,13.97,14.2,13.43,13.72,34008487
8/6/2020 16:00,13.34,14.42,13.27,14.24,39913200
8/7/2020 16:00,14.09,14.18,13.47,13.99,31073528
8/10/2020 16:00,13.99,15.38,13.98,15.13,44266537
8/11/2020 16:00,16.47,16.58,15.55,15.64,54538444
8/12/2020 16:00,16.11,16.19,14.72,15.23,36506800
8/13/2020 16:00,14.95,15.91,14.93,15.34,24496672
8/14/2020 16:00,15.1,15.89,14.91,15.75,24861674
8/17/2020 16:00,15.85,15.86,15.04,15.39,20502993
8/18/2020 16:00,15.39,15.54,15.05,15.2,14170889
8/19/2020 16:00,15.21,16.37,15.06,15.68,30456742
8/20/2020 16:00,15.41,15.7,15.09,15.58,17282154
8/21/2020 16:00,15.5,15.87,15.45,15.56,15940044
8/24/2020 16:00,15.94,17.21,15.41,16.74,48401967
8/25/2020 16:00,16.84,17.1,16.19,16.75,26657635
8/26/2020 16:00,16.57,16.64,15.45,15.72,35787972
8/27/2020 16:00,16.22,17.3,16.14,16.65,45413809
8/28/2020 16:00,17.16,17.78,16.86,17.69,43108854
8/31/2020 16:00,17.67,17.84,17.07,17.11,28361256
9/1/2020 16:00,16.75,17.27,16.44,16.94,20370034
9/2/2020 16:00,16.93,17.09,16.38,16.99,19333617
9/3/2020 16:00,17.66,19.2,17.3,17.63,57080497
9/4/2020 16:00,18.27,18.61,17.49,18.42,45101902
9/8/2020 16:00,18.02,18.85,17.99,18.53,30798328
9/9/2020 16:00,18.3,18.48,17.48,17.93,23650050
9/10/2020 16:00,18.05,19.16,17.92,17.93,32735763
9/11/2020 16:00,18.12,18.12,17.18,17.51,21562199
9/14/2020 16:00,17.82,17.97,17.42,17.79,18679837
9/15/2020 16:00,17.77,17.84,16.78,16.97,30618117
9/16/2020 16:00,17.11,17.86,16.72,17.5,26563439
9/17/2020 16:00,16.98,17.56,16.71,17.26,21690982
9/18/2020 16:00,17.01,17.3,15.95,16.25,34292575
9/21/2020 16:00,15.46,15.72,14.73,14.99,32507019
9/22/2020 16:00,15.05,15.59,14.92,15.33,21506803
9/23/2020 16:00,15.5,16.17,15.13,15.17,21249143
9/24/2020 16:00,14.95,15,14.15,14.63,23348911
9/25/2020 16:00,15.82,16.64,15.57,16.63,48616047
9/28/2020 16:00,16.92,16.95,16.01,16.68,28960872
9/29/2020 16:00,16.6,16.85,16.28,16.56,14194862
9/30/2020 16:00,17.09,18.23,16.94,17.11,38387443
10/1/2020 16:00,17.4,17.41,16.74,17.34,22208791
10/2/2020 16:00,16.28,17.43,16.15,17.27,22460950
10/5/2020 16:00,17.06,17.36,16.69,16.99,15330912
10/6/2020 16:00,17.22,18.24,17.09,17.23,31714307
10/7/2020 16:00,17.75,18.16,17.46,18.01,16898545
10/8/2020 16:00,18.32,18.44,17.7,18.2,17459944
10/9/2020 16:00,18.3,18.91,17.98,18.73,24449150
10/12/2020 16:00,18.52,18.62,18.07,18.08,15878611
10/13/2020 16:00,17.3,17.37,16.42,16.59,28061719
10/14/2020 16:00,16.68,17.16,16.36,16.48,19245892
10/15/2020 16:00,16.18,16.24,15.65,16.1,19229800
10/16/2020 16:00,16.28,16.44,15.9,16.2,13688672
10/19/2020 16:00,16.32,16.76,16.18,16.45,12919304
10/20/2020 16:00,16.66,17.16,16.47,17.08,15685556
10/21/2020 16:00,17,17.14,16.73,16.99,11362278
10/22/2020 16:00,17.1,17.75,17.02,17.71,16692160
10/23/2020 16:00,17.72,18.41,17.45,18.35,21988124
10/26/2020 16:00,17.74,17.74,16.35,16.8,27651064
10/27/2020 16:00,16.85,17.07,16.51,16.53,12990934
10/28/2020 16:00,15.84,16.03,15,15.03,26446235
10/29/2020 16:00,15.05,15.85,14.77,15.77,19523891
10/30/2020 16:00,15.49,17.07,15.3,16.63,42028117
11/2/2020 16:00,16.06,16.22,15.29,16.17,25069918
11/3/2020 16:00,16.2,16.73,16.12,16.55,15148276
11/4/2020 16:00,16.5,16.73,16.12,16.16,13519758
11/5/2020 16:00,16.4,17.31,16.4,17.25,17527440
11/6/2020 16:00,17.07,17.3,16.65,16.97,14036974
11/9/2020 16:00,21.02,23.05,20.36,21.51,75069878
11/10/2020 16:00,20.8,21.13,19.38,20.12,37843668
11/11/2020 16:00,20.53,20.84,19.35,19.52,26873841
11/12/2020 16:00,18.79,19.87,18.61,18.85,26523472
11/13/2020 16:00,19.28,20.27,19.16,20.06,23039280
11/16/2020 16:00,21.93,22.02,21.03,21.31,40909484
11/17/2020 16:00,21.1,22.62,20.77,22.06,32189594
11/18/2020 16:00,20.67,21.38,20.41,20.46,71591713
11/19/2020 16:00,20.58,21.29,20.49,21.02,36017750
11/20/2020 16:00,21.11,21.27,19.94,19.99,30469736
11/23/2020 16:00,20.62,21.03,20.07,20.89,30434400
11/24/2020 16:00,22.05,22.64,21.8,22.55,38926242
11/25/2020 16:00,22.83,23.35,22.41,23.2,30769201
11/27/2020 13:00,23.47,24.32,23.45,23.68,17081004
11/30/2020 16:00,24.06,24.2,22.32,22.87,25635756
12/1/2020 16:00,23.55,23.67,22.82,22.94,20436843
12/2/2020 16:00,22.4,23.5,21.82,23.4,20709004
12/3/2020 16:00,23.6,25.8,23.55,25.42,44080497
12/4/2020 16:00,26.11,26.45,25.17,26.3,33184987
12/7/2020 16:00,26.32,26.65,25.7,26.5,23744843
12/8/2020 16:00,26.3,28.17,26.25,28.15,27515470
12/9/2020 16:00,28.97,28.98,26.2,27.26,43942941
12/10/2020 16:00,26.65,27.54,26.55,27.44,24569409
12/11/2020 16:00,27.53,27.87,26.26,26.51,21177872
12/14/2020 16:00,27.22,27.54,25.22,25.41,24467002
12/15/2020 16:00,24.93,25.51,23.79,25.22,33097248
12/16/2020 16:00,25.23,25.74,24.68,25.46,21274488
12/17/2020 16:00,25.7,25.7,25.03,25.41,12857049
12/18/2020 16:00,25.49,26.09,24.86,25.18,20648637
12/21/2020 16:00,23.62,24.9,23.45,24.78,22591426
12/22/2020 16:00,24.85,24.87,23.04,23.08,25111650
12/23/2020 16:00,23.27,24.7,23.16,24.5,18389634
12/24/2020 13:00,24.5,24.79,24.12,24.58,7884187
12/28/2020 16:00,25.15,25.94,24.8,25.53,16371404
12/29/2020 16:00,26,26.11,25.05,25.39,12962804
12/30/2020 16:00,25.38,26.09,25.21,25.64,11142087
12/31/2020 16:00,25.54,25.68,24.43,25.43,14616948
1/4/2021 16:00,25.35,25.48,23.4,23.73,23243661
1/5/2021 16:00,23.41,24.67,23.36,24.24,16639047
1/6/2021 16:00,24.15,24.95,23.69,24.33,16810557
1/7/2021 16:00,24.55,25.43,24.55,24.66,16079798
1/8/2021 16:00,24.97,25.12,23.92,24.43,13493312
1/11/2021 16:00,23.8,24.54,23.61,24.14,10546774
1/12/2021 16:00,24.18,24.54,23.93,24.52,9894692
1/13/2021 16:00,24.25,24.69,23.82,24.61,13711346
1/14/2021 16:00,25,26.59,24.95,26.42,24922247
1/15/2021 16:00,26.21,26.97,25.3,25.38,15861550
1/19/2021 16:00,25.71,25.8,24.95,25.3,10777664
1/20/2021 16:00,25.66,25.97,24.87,25.19,10370381
1/21/2021 16:00,25,25.45,24.6,24.99,10701859
1/22/2021 16:00,24.5,24.8,24.2,24.59,11290066
1/25/2021 16:00,24.1,24.19,23.12,23.97,17265315
1/26/2021 16:00,24.15,24.42,23.5,23.66,9875103
1/27/2021 16:00,23,24.68,22.68,23.53,19694145
1/28/2021 16:00,24.43,25.2,23.95,24.16,17798905
1/29/2021 16:00,24.05,24.35,22.27,22.65,26086005
2/1/2021 16:00,22.85,22.87,21.88,22.4,15019996
2/2/2021 16:00,22.8,23.31,22.36,22.94,12971914
2/3/2021 16:00,22.97,23.71,22.72,23.61,18660327
2/4/2021 16:00,23.86,24.62,23.77,24.4,14813049
2/5/2021 16:00,24.64,25.45,24.36,24.72,16755176
2/8/2021 16:00,25,25.25,24.72,25.01,11686734
2/9/2021 16:00,24.87,24.98,23.92,24.08,15097936
2/10/2021 16:00,24.31,24.96,24.1,24.14,13755196
2/11/2021 16:00,24.15,24.48,23.52,23.77,12222658
2/12/2021 16:00,23.4,23.73,23.09,23.54,13457339
2/16/2021 16:00,23.96,25.37,23.73,25.19,22739178
2/17/2021 16:00,25,26.15,24.48,25.47,21807379
2/18/2021 16:00,25.11,25.4,24.29,25.2,14967567
2/19/2021 16:00,25.76,26.99,25.51,26.85,18737395
2/22/2021 16:00,27.48,29.79,26.91,28.56,34168848
2/23/2021 16:00,28.66,28.93,26.25,28.62,23481980
2/24/2021 16:00,29.38,31.58,29.14,31.27,38000408
2/25/2021 16:00,32.52,32.66,28.33,28.76,41465771
2/26/2021 16:00,29.23,29.94,28.32,29.56,19787177
3/1/2021 16:00,30.71,31.36,29.52,29.85,23206252
3/2/2021 16:00,30.63,31.58,30.17,31.18,18481014
3/3/2021 16:00,32.02,33.77,31.77,33.13,31491578
3/4/2021 16:00,34.32,34.49,30.96,32.9,38134037
3/5/2021 16:00,30.27,30.37,26.65,28.85,96474562
3/8/2021 16:00,29.51,30.2,28.86,29.31,42512063
3/9/2021 16:00,29.56,30,28.31,29.73,27304058
3/10/2021 16:00,29.88,30.7,29.16,29.54,23061594
3/11/2021 16:00,30.03,30.47,29.31,30.26,20189406
3/12/2021 16:00,30.19,31.04,30.07,30.73,22756856
3/15/2021 16:00,31.23,32.4,31.01,31.56,26741655
3/16/2021 16:00,31.62,31.62,29.77,30.1,20525529
3/17/2021 16:00,29.65,30.64,29.4,30.5,16530251
3/18/2021 16:00,30.3,30.59,28.9,28.95,17546243
3/19/2021 16:00,29.13,29.76,27.85,29.7,18995688
3/22/2021 16:00,29.31,29.59,28.21,28.65,15198501
3/23/2021 16:00,28,28.43,26.46,26.6,23673644
3/24/2021 16:00,27.29,28.44,24.02,25.31,41737901
3/25/2021 16:00,24.78,26.28,24.24,26.04,26491598
3/26/2021 16:00,26.3,26.88,25.73,26.82,19412615
3/29/2021 16:00,26.79,26.85,25.79,26.21,12410470
3/30/2021 16:00,26.17,27.42,26.07,27.2,10326235
3/31/2021 16:00,27.24,27.9,26.92,27.59,11892728
4/1/2021 16:00,27.89,28.06,27.32,27.72,10164932
4/5/2021 16:00,29.38,30.1,29.01,29.71,33957102
4/6/2021 16:00,30.16,31.57,29.81,31.08,33044765
4/7/2021 16:00,31.94,33.08,31.2,31.31,41980985
4/8/2021 16:00,31.3,31.3,29.38,30.62,30056334
4/9/2021 16:00,30.56,31.06,30.23,30.54,20344404
4/12/2021 16:00,30.03,30.1,28.77,29.26,16969821
4/13/2021 16:00,28.3,29.53,28.17,29.41,16232158
4/14/2021 16:00,29.6,30.19,29.07,29.21,12044174
4/15/2021 16:00,29.44,29.44,28.19,28.28,17208184
4/16/2021 16:00,28.45,28.92,28.02,28.32,12312655
4/19/2021 16:00,28.15,28.51,27.57,27.97,12185412
4/20/2021 16:00,27.53,27.64,25.79,26.75,24449691
4/21/2021 16:00,27.16,29.54,26.84,29.51,33281151
4/22/2021 16:00,29.31,30.35,28.81,29,24943702
4/23/2021 16:00,29.33,30.02,28.77,29.81,15325689
4/26/2021 16:00,30.39,31.18,30.17,30.22,14880117
4/27/2021 16:00,30.26,30.55,29.76,30.5,11057107
4/28/2021 16:00,30.24,30.87,30.17,30.23,11900788
4/29/2021 16:00,31.84,32.36,30.17,30.31,26778551
4/30/2021 16:00,29.95,31.13,29.8,31.05,18297137
5/3/2021 16:00,31.18,31.63,30.74,31.19,15661529
5/4/2021 16:00,30.98,30.98,29.26,30.25,19390838
5/5/2021 16:00,30.35,30.55,29.62,29.85,9609901
5/6/2021 16:00,29.69,30.18,27.27,27.81,36855305
5/7/2021 16:00,27.78,28.7,27.64,28.48,18875951
5/10/2021 16:00,28.39,28.68,27.93,27.95,13671726
5/11/2021 16:00,26.72,27.83,26.55,27.66,18426139
5/12/2021 16:00,27.22,27.48,25.94,26.11,18348272
5/13/2021 16:00,26.28,27.02,25.48,26.44,21740957
5/14/2021 16:00,26.89,28.65,26.77,28.58,23141382
5/17/2021 16:00,28.43,28.93,27.82,28.88,19564498
5/18/2021 16:00,29.01,30.05,28.73,29.23,18712812
5/19/2021 16:00,28.31,29.17,28.09,29.05,16113580
5/20/2021 16:00,29.09,29.2,28.45,29.07,11947830
5/21/2021 16:00,29.57,29.71,28.69,28.7,14135506
5/24/2021 16:00,29.1,30.22,28.53,30.05,23038115
5/25/2021 16:00,30.42,31.95,30.41,31.12,31788949
5/26/2021 16:00,31.7,32.05,31.26,31.69,22112070
5/27/2021 16:00,31.8,32.49,31.5,32.42,18272502
5/28/2021 16:00,32.39,32.45,31.62,31.9,18343348
6/1/2021 16:00,32.53,33.2,32.33,32.76,17201907
6/2/2021 16:00,32.89,33.62,32.48,33.07,17391113
6/3/2021 16:00,32.83,32.87,31.94,32.18,13825401
6/4/2021 16:00,32.37,32.63,31.7,32.12,12025920
6/7/2021 16:00,32.4,33.47,32.34,33.11,16275513
6/8/2021 16:00,33.35,33.93,33.1,33.71,15367341
6/9/2021 16:00,33.91,33.95,32.65,32.66,14845827
6/10/2021 16:00,33.06,33.14,31.79,32.49,15420677
6/11/2021 16:00,31.7,32.46,31.36,32.23,12041894
6/14/2021 16:00,32.06,32.28,30.88,31,15090056
6/15/2021 16:00,31.04,31.56,30.69,30.87,10572884
6/16/2021 16:00,31.36,31.79,30.88,31.68,18763688
6/17/2021 16:00,31.65,32.18,30.65,30.97,14230957
6/18/2021 16:00,30.53,30.84,29.9,30.3,15379081
6/21/2021 16:00,30.46,31.43,30.06,31.38,12363285
6/22/2021 16:00,31.18,31.24,30.48,30.84,10295909
6/23/2021 16:00,30.82,31.38,30.78,31,8163141
6/24/2021 16:00,31.1,31.56,30.59,30.61,13530457
6/25/2021 16:00,30.61,31.19,30.59,31.03,11923057
6/28/2021 16:00,30.72,30.75,29.06,29.14,22074628
6/29/2021 16:00,29.25,29.61,28.88,28.91,11724070
