review_id,first_name,last_name,product_id,review_score,date
f892215b-913d-4d22-ac7a-8993287a9b45,Cornela,Mynett,21,3,05/22/2022
3e208e03-054c-45c6-82b3-2aeda4f96283,Rip,Brookton,10,2,04/23/2022
81e76aae-1ae9-46d9-815a-f6b8d582ad24,Giffard,Leat,19,3,01/17/2021
31b48d3d-22ca-4846-b876-93bb6f8567ed,Dwain,Glencross,9,4,07/31/2021
afdef913-310b-4114-bd43-e52f7e2bbf05,Gardener,Tawton,4,5,06/23/2021
76df6f43-9a8d-486a-a8a0-e8cdb6896492,Law,Harte,21,2,09/02/2021
5238a4e9-8f60-4ced-b4b9-0a83ecccaba9,Nola,De Micoli,24,5,05/04/2021
ed31fdbe-3659-4ae7-bf7f-8a8210f8f555,Donnie,Ashlin,4,1,01/05/2021
c1ed76c3-434e-4dac-9a2d-be96a20c2e04,Myrtia,Smye,18,1,04/22/2021
6c601eb0-5b93-4e0d-b6b4-919497011663,Pen,Aingell,5,4,11/19/2021
9b12e544-bc25-463b-ab39-d89e77d06330,Amitie,Peirazzi,2,1,10/02/2021
999d08dd-4979-40d1-85db-e1f333e7a938,Korry,Lochrie,20,1,06/07/2022
c82c374f-6644-4cd2-abd9-51da289082f6,Ingaberg,Bassill,11,5,07/12/2021
674e9812-075d-4fe1-aeb0-0f8908e7a659,Freddy,Brahms,24,5,03/27/2021
1ad1e874-fdbd-44a1-ada1-a245fd601f94,Goldarina,Bembridge,25,3,05/10/2022
5c91c4c2-fe27-48a3-bf3c-993e9b654754,Silvanus,Reinert,14,2,06/08/2021
1be52c4a-4b27-4411-ae44-2ec6e54c65ef,Gardener,Kilfeder,9,3,08/03/2021
e519c679-df67-48bb-956e-5f7143b7530c,Meier,Baribal,10,3,08/03/2021
acc38254-927b-4b50-8f66-579a575fee74,Crystal,Motten,23,5,05/20/2021
26cbc48b-42a5-4498-a38d-d91337dd0cd0,Clerissa,Elwin,18,3,11/05/2021
6ea61738-eea4-4a60-9c60-bec01f55baeb,Sarajane,Deetch,18,1,08/26/2021
c1e3a552-6d38-4814-a3d2-0ad062699c30,Alfie,Wrankmore,12,3,06/15/2021
982e5160-2ce3-4a97-bcac-7887390fd6e2,Karry,Lightowlers,8,3,01/18/2021
808b269e-f924-4fc8-8188-a949ac2b0b08,Bronnie,Cristofvao,21,5,11/16/2021
e7048d72-9dce-4019-81f6-6357c7fba8d4,Amelia,Dewdeny,9,4,12/08/2021
30488250-62ff-4404-aed6-9cc7046020d8,Willie,Lafontaine,21,2,05/25/2021
cfd6868a-9b68-4f72-a395-1a222d64ef64,Jason,Handford,8,2,12/03/2021
f83b4c51-8d83-46b3-9941-952414da79c1,Corie,Salters,14,4,06/27/2021
45705a51-95f3-4096-a95f-bb714a7d785c,Arnaldo,Wragge,4,2,05/04/2022
840a86d4-1222-4992-8cd3-75366822592d,Robin,Dreschler,9,2,10/09/2021
a79d9788-f3cc-48dc-9cf9-22e7c23019a8,Trenton,Yeatman,10,5,06/09/2022
028af156-d537-4854-ae01-a5ad275c7933,Tucky,Lealle,9,2,04/28/2021
27d77e24-e180-4dbe-a891-5116ae6b0d62,Katha,Luckham,10,5,09/15/2021
f9ff91ce-4b51-4d24-8ad6-a24d4b4b7dc0,Nita,Rantoul,8,3,10/16/2021
5ae8e866-61c4-4483-8508-c2b87ce0e877,Ruttger,Local,16,5,12/12/2021
981ba96e-183c-40bd-b59a-a5cb8bcc33c8,Ana,Cobleigh,4,2,08/16/2021
ae112f2b-6320-4df7-a8e0-189bb171fd5a,Nikos,Sprigin,2,4,04/07/2021
334ab76a-4236-4ec9-9304-1967a86d6471,Shanna,Haylands,11,4,01/21/2022
42981789-e349-45c8-9109-f9ac0a1fa90c,Bayard,Sang,9,1,06/08/2022
4e1f2ced-aba1-45dc-b4b8-e9286aec8251,Sapphire,Pitney,21,5,11/16/2021
ac7d7f2a-309f-43e1-a703-f37380c299ff,Kimmie,MacRannell,22,2,01/27/2021
1add29c0-32cf-4796-b5b9-70a1919dfe6a,Pandora,Foakes,25,1,03/06/2022
bc3b988c-2cb3-47de-afc8-c7827fc3f9aa,Demetre,Bril,7,3,02/16/2022
cad10ab4-03d2-4127-89b2-6ba2f52f9d8c,Alisander,Clausen-Thue,5,5,04/24/2022
73aae2af-fb55-478d-bc91-2cccae1b256c,Karna,MacCrossan,18,4,08/12/2021
7e124a8c-c5e7-459a-9d6a-1c23dc60a4b9,Karie,Kolak,6,4,06/10/2022
51492eb1-97fc-44d7-96f5-c8d81071b159,Dee,Stailey,11,4,05/19/2021
89f0f60d-8038-48a9-8ffb-40025304c848,Tommy,Dallmann,25,5,04/26/2021
d57c5d78-1178-4737-8cc1-989f18208000,Evered,Lowrey,12,2,04/24/2022
c8904d95-4beb-4cd0-99ba-53f67e4a8900,Willey,Overpool,10,2,09/18/2021
873007a0-2e17-47b8-b62a-efc2e3a7bb51,Page,MacConneely,20,5,12/07/2021
f627528c-af5f-4098-b4d6-0292206db577,Matty,Sedgmond,22,4,03/07/2022
6f0ebb5f-caec-4398-aaa5-65cf11acdeb6,Beilul,Caro,12,5,11/12/2021
b55a8499-364e-4ad3-80a0-e858357b20c0,Tedi,Coulton,5,1,04/29/2022
91c532a2-c5d4-47aa-bd95-f02dbeab2e2a,Harlie,Heigl,14,3,08/26/2021
854c4c3e-1ee6-4941-b557-9cb6682492cc,Carter,Hirth,5,3,03/07/2022
eb6978f2-d492-4f3c-acbe-df45ecc68808,Chiquita,Durrad,5,4,08/03/2021
d43e17f9-931c-4deb-a99c-4f2857c615be,Ethel,Raeburn,17,3,03/21/2022
a0f7f754-2e4f-461b-9315-4b1c2510a445,Cynde,Ducrow,22,2,08/07/2021
7d3ad73d-675b-4b7e-90dd-9038247558c1,Egbert,Scholcroft,17,1,03/21/2022
06aa7e56-51c2-4e62-943e-0ac4cad7771a,Budd,Duggen,5,4,04/04/2021
5a66b57e-173f-4013-a783-35f03ba2f646,Candice,Kingsnorth,17,4,03/24/2021
63480f1f-a56a-478a-8a4f-660b7d909389,Benetta,Considine,17,4,01/24/2022
74d9553a-7cea-4226-b6fa-55d19a96a043,Rafaello,Maplethorpe,23,2,06/06/2022
c2fc44c6-28bd-48e8-8d98-f599152ec69e,Luke,Trenfield,11,5,03/30/2022
207c56e2-1712-479a-8a45-d01e2379cac7,Mella,Cleife,1,4,04/23/2022
af4eca2b-f13b-4f60-bac9-d7e13ab18e29,Quentin,Purdon,16,1,05/20/2022
c9cdf682-1594-485c-b44d-ec7789d75876,Teddi,Diperaus,2,5,01/29/2021
937beff0-8575-48a7-bb69-58cbcbc21ffb,Earlie,Iremonger,5,5,11/30/2021
ae34c6c9-b764-4ea7-9283-77e0769a7894,Joyous,Tregoning,5,1,02/10/2022
5b1be43c-44cc-425a-9141-cce9225dcded,Gale,Szepe,11,4,10/25/2021
140dff1e-eb89-47f6-b0ff-8b7d370d5ec1,Lamont,Mortlock,6,4,03/21/2022
66ad11b1-0421-42f6-81cd-249d88d804fb,Hadleigh,MacGilfoyle,18,1,09/21/2021
7828719b-b5c7-44eb-9c38-5c6ad45f2257,Jaquenette,Paolino,16,5,10/22/2021
5cead376-eac0-4fed-96ec-e34c37120e2a,Grant,Freemantle,4,3,09/10/2021
e4f2b3c7-84b5-42d8-b0db-c13ea470c693,Vincenz,Tollady,5,2,04/10/2022
a14fdab3-c290-48ec-97a7-2e1cfb4473fb,Porty,Blum,7,2,08/09/2021
84d0f5eb-06ef-4086-b152-893c8c6e5a07,Concordia,Grzegorzewski,7,5,08/29/2021
c3809316-cc61-4631-88e0-b25e90365dc4,Flossie,Dwelly,5,5,10/27/2021
3fd69308-c3da-4342-8ba1-f1d229b84c63,Clovis,Shorton,24,4,06/10/2021
9832c130-f6f4-4d00-9ca5-8826416b3273,Thane,Muscott,23,1,08/17/2021
b7d1816d-d96d-4375-ba26-e6ecf0320b21,Xylia,Hardiker,16,2,06/01/2022
f40f409e-01ea-4071-af07-0157ecf8e2c9,Lukas,Tweedell,3,3,04/03/2022
1fef4690-e42d-4c8f-92d8-6082ce402695,Gasparo,Jermin,9,5,08/12/2021
94418b71-f1dc-4856-9a5a-af8e6b891d74,Andrei,Hallatt,6,1,03/14/2021
76f3832b-6fd0-4750-b944-ccaf76158b55,Darrell,Segebrecht,1,2,04/23/2022
6989fe01-acba-4e65-b8d6-3e4c67e4c0c4,Myrilla,Guihen,15,5,10/12/2021
116f6921-3a29-4169-80e4-1622d9168d30,Munroe,Arnaldo,24,5,04/27/2021
8fc56126-6dec-40e1-8344-ff7bafd2e01d,Ezra,Gundry,4,5,03/02/2021
734609ab-421a-4c43-a24b-a4b99b95a4c9,Dennis,Sowerbutts,7,3,12/09/2021
3350dc84-ad9a-4709-9b1b-362083a65177,Chico,Waldera,7,2,07/17/2021
be7210be-77d1-4027-a2d8-1212deeebd02,Klaus,Dorant,14,5,07/29/2021
659dffed-e4cc-4a46-b45f-3db3ce9bdb63,Hermina,Shieber,25,5,02/12/2021
ddb8c10c-f7ba-463c-8e58-0d33f6f40b1f,Athena,Dadd,22,5,11/19/2021
11cf2ba5-e7c7-4f1a-8001-c4cf1baf0bc0,Oriana,Cansfield,9,2,01/20/2021
8e3eb77a-c097-4cba-adac-6d6facd11744,Sanson,Sharples,22,2,05/05/2022
0fb41af9-1b19-4461-b77c-4dda97785fa5,Jard,Tassell,25,5,01/05/2021
993eb19f-a183-4ba4-b002-4fcdd47e337b,Carmine,Navan,18,2,03/23/2022
b43dac64-cadd-475c-9eb4-585fb88df719,Margarita,Sabben,23,1,05/29/2021
abe1edda-4216-42a7-901d-e28b0d01cd59,Jodie,Scobie,18,2,08/09/2021
664efe33-38a3-4226-8d0e-ec37749263e8,Merilee,Tesimon,23,1,12/24/2021
68439522-ae6c-464d-8977-3b9903c5a638,Minda,Casetti,11,5,11/24/2021
fa143698-1f26-41f4-9133-de9adb03944c,Cathe,Hauxley,1,1,11/08/2021
e32680e6-e70e-4342-84e1-b439e23a4308,Callida,Bonnick,6,1,08/17/2021
77c99232-54da-4c4c-a174-afccd9847b81,Carline,Aylott,9,2,01/16/2022
fd3dc0b8-eeab-4f8f-a4ff-b4ce79d2d7c0,Brandy,Yoxen,20,1,12/26/2021
740f6600-520a-4825-b82a-f31c26d72fa0,Whitman,Kitcher,8,2,02/08/2021
7c4ee87e-e4b5-49a2-ae2c-153d461ce2fe,Pen,Luthwood,21,5,05/08/2021
f5662fc1-fc38-497c-b30a-046e277494c1,Kelci,Mueller,15,1,05/09/2022
12f25d47-31fd-4d3f-a5f0-62e7c202ed93,Crista,O' Neligan,19,4,02/09/2022
566a8699-321e-4f3b-9ed3-c066277a3c48,Eugen,Bezley,24,4,02/24/2021
1b6e5ee0-b4f9-40ad-b3e3-b48a136b74cc,Janella,Crisall,22,4,07/11/2021
e0a9a760-e6d6-4ec8-b837-019f2ca3bcd5,Kendal,Becom,5,2,07/30/2021
bf2480bb-9bdc-4e75-a990-ac98336c539c,Fax,Darnborough,8,1,01/02/2022
efb3518f-1518-4739-8be9-f0f5df0830bb,Christan,Adnams,22,5,03/19/2022
3a6d0d11-d26a-4918-8600-786410708c3f,Sheelah,Swindells,15,4,10/25/2021
4af2ec4b-9642-4fde-b02e-104c9961dc99,Bail,Jarnell,12,5,05/08/2022
714ff01d-c940-4763-81ec-292a5c10c29e,Mavis,Ridolfo,10,1,11/14/2021
4cbba6b6-fa0f-4c5b-9725-95ea182c9366,Ezmeralda,Hendrich,24,4,06/19/2021
2e186ccf-33ba-4cd0-9163-88c95090b3dc,Nessy,Glyne,17,2,01/22/2021
43168bc5-640c-4971-8318-acf327be6037,Amerigo,Benez,11,5,11/09/2021
5eedaee9-9af8-4a24-ba65-d4cb86e21652,Delbert,Destouche,14,1,01/23/2022
02546e06-9363-483a-995c-c969804a8c0c,Dall,Bragger,19,2,02/15/2022
6e999d25-8694-4c42-b8e2-db8d00637b59,Blanch,Kearford,4,2,10/28/2021
64f61dd4-179c-49e5-902c-3471eea9fc30,Cosetta,Eagle,11,3,04/02/2021
817774fe-4325-459d-8a72-d991c4e65a8b,Diane-marie,Neave,4,5,09/04/2021
8e32a747-7e49-4ec3-956a-a1704cad63f9,Tish,Poore,9,1,08/01/2021
944b0074-2868-4aee-b30d-4ac2ec4981c8,Simonne,Patillo,23,2,04/03/2021
941d602a-8409-4bb8-8277-717979298068,Cathee,Vize,21,4,06/14/2021
d5f9202f-fd72-4689-83c6-4042d8e29cea,Enoch,Aizik,2,4,03/29/2021
3c3de7a0-2083-4d91-9f57-a6a092ba2605,Ardyth,Henningham,5,5,02/01/2022
80862bda-79e2-41f1-8c2f-34c83fbce8e8,Bellanca,Gribbell,20,1,02/04/2022
3bdb367d-4660-4230-ae61-fae0f137f273,Ozzie,Bransby,10,3,05/19/2021
30ce4f24-4e72-458e-be57-86d02b56f239,Brose,Scurrey,16,2,05/21/2021
5d0a7dd9-6150-4d96-be99-b951d7534e77,Olly,Ind,1,2,04/12/2022
a963a7d3-5c43-4cac-8f99-7edda51c9967,Ailina,Sebley,13,2,01/27/2022
80333dc4-3ff6-4f64-b91f-b31ec5aa19dd,Kingston,Losebie,15,1,01/12/2022
02f2f23d-c4f0-40ed-9d6f-88c71ab612ef,Humfried,Skillern,1,5,02/26/2021
b4e81ba1-de1c-4fac-bfc3-7257a7f58e8d,Nerissa,Blackway,20,4,10/25/2021
c84e23a2-9b12-4fbf-859a-c2632c62bc8a,Grace,Mosedill,15,4,10/10/2021
fa674060-5d9f-4577-9922-32b9da7e0fe1,Anastasie,Pole,17,3,05/07/2022
81be32f6-8f83-4ecf-b226-638b7bb11217,Josefa,Staden,10,1,04/25/2021
c0f768a1-48a6-4d87-8298-3746363d3c12,Aldous,Olander,22,4,12/14/2021
d6ef58b1-56a6-4da8-b34f-bde056b51b92,Maximo,Pulley,1,4,05/30/2021
05deb682-029c-4552-90f6-cabbf37d0056,Mabelle,Boole,14,1,03/22/2022
de26b9a2-59d5-4780-b970-9990d36c09be,Gustave,Van der Kruis,22,2,01/14/2021
c119ad31-81c6-4584-99c2-660799dab822,Jeannie,Gatteridge,23,5,01/05/2022
e1f19103-8b70-4f22-872f-55989b11f313,Aurie,Symper,11,3,10/19/2021
402a06bf-c9c0-4a03-8e95-db0c2b2cfe21,Rosina,Tattersdill,7,3,08/29/2021
a33d0422-21f7-4795-a206-ff2a2a2a119f,Florenza,Cropton,19,2,12/14/2021
a3fc09f4-ec35-4743-932b-0c00a8303742,Ralina,Kerbey,13,3,03/03/2021
0a03eae8-71e8-44b4-9b1d-b2171adc44ae,Richardo,Jimmes,15,2,01/09/2022
3d631ba2-5971-4069-877d-ec41f03ed535,Ardis,Clilverd,19,5,03/25/2021
ffa4c9b4-de6a-43b6-b34f-8e4945fc0802,Christi,Yeld,16,4,01/12/2022
40622dae-f05d-48f3-b5a7-f82ba71d44e6,Kaitlin,Ricardin,25,1,10/11/2021
f1c8a5ce-061e-4812-8535-ec77066e48f3,Adriana,Arend,1,3,01/30/2022
ea84b0f5-de9c-450f-ac3b-7bc5866fbe29,Harlene,Overstone,25,4,04/16/2021
7a815e13-d7e0-4c4a-a2e0-1fb9df5aa5f0,Bobby,Calrow,7,5,04/27/2021
1c588e33-308b-4330-900b-bc78ceb070bb,Leora,Overthrow,10,3,02/04/2022
55670d89-b034-4d84-8250-082a8280fe32,Lethia,Spinozzi,4,4,07/11/2021
d760b87d-27e8-472e-82e4-6465950cc3cc,Pierce,Overell,14,1,03/21/2021
a083a2ed-fedf-4978-917a-957738ba8b7b,Benedict,Dearell,2,2,03/26/2021
73eb8f22-6458-461b-a37e-a05d47c3b4c4,Nikos,Scotchbrook,7,1,06/17/2021
bcb89bb9-d385-4949-9b43-3e5df768ebbd,Leonanie,Bacher,7,2,08/16/2021
024740e3-8bb1-4947-9fb0-bc94ecab8f21,Humfrid,Solan,9,3,01/19/2022
294674f3-ea69-4b69-990e-46f8ce0a18be,Jenine,Matuszyk,22,3,08/17/2021
616823c5-7e12-4672-ab48-e4191ae2383a,Jermaine,Gye,23,5,04/11/2022
8064dd73-5701-4bb7-93a1-60ef8622fcfa,Albina,Romao,24,2,12/25/2021
dd4c48c0-874e-45b9-88dd-8b967ef584e6,Arielle,Dewdney,15,4,03/18/2021
2cc59cc7-ebc5-444d-ac6c-2bfb65ee9ff0,Margarete,Vasilik,16,3,09/12/2021
57ee2a53-0b7b-45b9-ab56-501c2a296d0d,Roxanna,Sheircliffe,23,3,01/16/2021
244caf99-631b-43e5-837c-ab84340d85d3,Beatrice,Coleyshaw,23,2,01/23/2021
69465ab1-0894-4a9e-8853-72f20f61559c,Gage,Walford,3,4,03/08/2022
062563b7-d65a-42a7-bde9-8bf900d8364d,Kikelia,Luesley,25,5,03/03/2022
09141605-c5b9-4cdc-8fb3-949636f12db3,Emmet,Danielot,5,3,05/08/2022
b5b031c5-9bef-4056-a6a9-1958513ac30b,Cacilia,Derges,19,5,05/17/2022
fcde3e12-474e-4686-996f-19cc090c9860,Isadora,Molden,2,1,01/11/2022
b66174e7-bf60-4cfb-80d0-2ce86879165b,Ranice,Burghill,11,4,04/22/2021
9ea39895-3b6d-4625-97ca-4257ed54d276,Spencer,Bellanger,1,3,05/20/2021
b5c80a5d-ba9a-489e-8933-dbeca61a0a06,George,Plak,22,3,05/11/2022
5931a830-35c4-496e-a30c-8d9bb1cadbbc,Ekaterina,Clarson,18,4,03/15/2021
04d42754-77e1-4e91-b50e-e8c79db8bf69,Lela,Rehm,3,2,03/09/2022
bdd6e63a-172f-427b-817b-b9ee50907926,Deny,Bonellie,4,2,12/01/2021
08d6931b-f9f5-456d-bb8d-be272e792d94,Violette,Mardy,21,2,03/31/2022
12d27814-e7a9-429d-bd5e-8c85c283718b,Ody,Serjeantson,15,4,01/08/2021
1498800d-fc3a-4e57-9be0-1355d899590c,Kelsey,Hazelgrove,22,5,03/22/2022
df0b39ff-2bd8-417e-aaf5-af0ed0260e1c,Kalil,Blaxley,11,4,10/04/2021
16bf5f72-1433-4d1c-8477-799f119bd471,Elsie,Sharple,1,5,04/14/2021
423d5421-3704-4e75-91b5-ed5865a40c05,Romain,Tegeller,15,4,05/03/2022
e12d1105-2c07-4554-a54f-88b0875fef15,Bibbie,Woolpert,9,1,09/18/2021
99442ccd-ce9a-4c89-bd43-f6433bceef6e,Mal,Finnes,24,3,06/11/2021
d4950af4-44c6-4148-9a5f-4d92d05ce8ac,Duffy,Piggot,19,1,09/25/2021
eeddcc48-e065-48f6-a373-27035ea666b8,Eleanore,Jury,23,1,11/13/2021
ac944a53-f472-4b96-9a9a-df66dabbf413,Tomas,Vasquez,16,1,12/20/2021
51933a17-8687-4101-a65b-c055df91e3a5,Diane,Creany,2,5,11/23/2021
f27cb2fa-4ee3-45ff-aa80-49eb536c6504,Kellia,Sheardown,5,1,02/15/2021
f9be82c8-0bb4-43a2-a93d-9a20829e3efa,Edith,Spinella,17,5,04/26/2021
8b8bef84-3e47-4df8-baed-f4ffe3e435c2,Ben,Ovell,11,1,11/27/2021
99ebccef-596c-4c09-8065-5afa5b62fb7a,Tarra,Morrallee,25,3,05/08/2021
dfb7938c-4ef9-4fc3-85b7-1cd5d4a15cea,Freddy,Hansana,15,4,03/17/2022
ab04eb3a-64b0-4d62-a83f-f613a89883f3,Sibley,O'Murtagh,7,4,02/15/2022
ce29f2c9-b4ea-40b4-942e-79ed89f0baf8,Brittani,Rodgman,2,3,02/23/2021
c4d5d2a6-b4e7-42cc-b82b-6f9a5f9b72b4,Betteanne,Locarno,13,2,04/15/2021
be05b5ca-9ff4-478d-9978-62e96acb0111,Conchita,Harome,9,2,01/30/2022
c7d8d608-c3ed-4879-8910-54c76af1fcf7,Dolley,Cansdall,5,1,02/06/2022
c57b4c7e-8932-475d-968d-a536a35f2c66,Skell,Bartolomeazzi,23,3,10/21/2021
98499bd4-236c-4f57-9ab9-a60f5a5dae63,Tabbie,Daffern,18,4,04/26/2022
dd849c37-3fa2-48d4-90b4-c10f951fe018,Fianna,Strickett,11,4,09/24/2021
041087e3-5a9d-469e-97e4-94bdf7e8ef4f,Joy,Ubsdale,18,1,10/11/2021
a749472f-5f10-41e2-84da-13182568907f,Spence,Drinkel,3,1,08/06/2021
c12a6fa0-5143-49af-bac2-db50d7e2b055,Cammie,Ludlem,21,3,11/26/2021
7b5ad489-32f7-48dd-b55a-da6035c4fcd3,Salem,Kohtler,15,5,03/28/2021
fb73e163-d15a-4591-9a3a-03fdaad6eb61,Tracy,Claisse,19,5,10/22/2021
434b3347-01c7-44d6-adeb-93397fa6f224,Gui,Fawcitt,21,5,06/10/2022
f34b4324-30b9-48d9-a176-d0debfc46fd7,Taite,Point,3,5,06/02/2022
f71cc369-d6ab-4fec-9db4-aca008746bb2,Fanni,Bault,6,2,06/01/2022
20bcdd24-d572-4f68-998a-c6563e5ccf74,Wiley,Riepel,7,1,01/10/2021
ffba9657-667e-4a10-83fc-df898e520f4b,Christy,Schuck,4,1,04/17/2021
2deb85e6-3bbe-41fa-b29d-555a32905656,Trisha,Antonazzi,6,2,05/19/2021
f672cff1-a629-44e7-983c-5898f89a2b14,Ole,Olesen,8,5,10/11/2021
3cbe2462-36a3-49e6-b84a-e7397c4be028,Millie,Carty,23,3,02/21/2022
3b6ce58a-7481-453a-8824-60235028208e,Oswell,Oldershaw,6,5,02/12/2021
770b14c8-6050-4bc5-825c-322aaf260049,Lizabeth,Toolin,23,4,05/13/2021
c1dfb790-be38-45ac-8c17-3436e9e6db6d,Westley,McCome,5,2,06/12/2021
901b1cc2-64d4-4547-89fe-863760266e38,Pierre,Curnokk,3,3,02/05/2021
afbba418-ce62-4ef6-a90a-d2fd14e2bea8,Jazmin,Heaysman,2,2,03/29/2021
502e0bb2-454c-4630-9c7b-4a79e5a3051b,Gaelan,Bentson,1,1,12/15/2021
29df6946-cef1-44a2-8eb8-ae8a45f2fcc8,Cassius,Fusco,11,3,03/29/2021
aa93fcb0-45b6-4bca-b9d9-92810ba57edf,Bili,Brigman,10,3,04/17/2021
6837ba80-5762-48b8-82d6-358cfddf6919,Gordon,Wadlow,20,4,05/15/2022
d1edf555-2975-4e6e-952c-8497471e6d2b,Cristiano,Shiers,18,3,02/02/2022
4985110b-6e68-49c3-9159-0dbd8934f109,Huntlee,Cases,12,1,06/17/2021
2e8205ae-4a9a-4b2a-a90e-3e371b4d54ca,Fancy,Malone,15,4,04/19/2021
d18db9d7-eb74-4368-8ba7-35aa9734195c,Crista,Muress,7,3,12/29/2021
55d3586a-eec0-46c8-a4a4-06b23b136fd1,Leon,Clougher,13,5,01/04/2022
ab7f599a-3add-408d-9b56-0cc231071f1b,Lynn,McMeyler,18,4,02/16/2021
68ab0ee7-673c-4085-b222-6089655aa7da,Zora,Carillo,17,4,11/28/2021
c9cb09a9-9ec8-4ad3-8148-325fd1cc63af,Consuela,Saph,23,4,02/25/2021
008634ae-b648-4044-9236-891685d60cdf,Doris,Chagg,6,2,04/10/2022
23b34316-fd00-4d3a-935f-5bb8d9ac8161,Carmelle,Maggiori,16,4,04/23/2021
f06d0f22-0ad3-4acf-a49a-c809263c441b,Eberhard,Buckerfield,6,4,06/19/2021
eef0b5db-cb7a-41f7-8bfe-da0244397d43,Miriam,Berkowitz,5,5,04/29/2021
85b778f1-8771-4ab1-89ec-6042dc0ba8af,Abdel,Whickman,17,5,08/03/2021
48413b01-8654-4feb-92e9-81970f8c39d9,Suzette,Priestner,25,2,08/27/2021
31fd726d-50e6-487a-bc2e-7ede18c5bce3,Christoffer,Perring,20,3,07/17/2021
38bceeff-0fa7-4193-a4fe-3d5cd6ed5052,Gennie,Kern,24,3,07/29/2021
6c23b0cc-dc37-4c5a-a15e-1cc0ff8d8cae,Celestine,Spaight,7,5,08/07/2021
f9c89334-fed9-45f0-837a-ba4ad189c9a0,Sissy,Zorzini,2,1,09/16/2021
6ed46dcd-f70e-48c3-b9b4-659e3a048b74,Harrie,Olin,21,1,03/18/2021
b757c5ee-b450-46d4-8e90-0c5618359c20,Imelda,Law,5,5,02/24/2021
c7e20d24-7404-433f-ba69-76b65c5233c6,Melisent,Adnett,18,3,05/23/2022
d14a0dd0-a774-43fd-a1da-f4b5ee176cef,Sarina,Slyme,3,5,07/08/2021
91555809-c894-4435-9e5b-74b18ad96fc1,Renard,Polson,17,3,01/21/2022
3cf2dabe-bce6-4907-9296-32053523201c,Germaine,Flement,4,1,10/17/2021
5edfde99-4296-4cf4-b555-e80ad3059f76,Pace,Legon,14,1,05/27/2021
b027ec2e-ae6d-485e-b654-2ee0febc31c2,Shalne,Eginton,13,4,05/03/2022
0b6dcb6a-652a-4c87-99e4-01b00b166cd2,Alexandre,Cocks,14,5,03/04/2021
9b632ba3-c64f-440a-ade8-c117d42098fd,Rochester,Bonniface,12,5,06/06/2022
3967373c-ac00-44db-bda2-2b453ea84dfd,Christal,Edie,1,3,09/13/2021
65b67b14-10cb-45e2-a65d-3e20e5ce08c5,Ailsun,Romaines,12,3,08/01/2021
6bc4b32b-dbc6-4f8d-9d38-dcbe8e8514e1,Eleni,Lievesley,19,4,09/12/2021
3b34267c-d0df-427f-a8a5-d0d7c59dc118,Blisse,Polotti,12,3,12/12/2021
458b7ef4-0557-4341-90a9-56d486849c7c,Sapphira,Ferrario,17,1,03/13/2022
fdced63e-a1d1-41a0-832d-4fd82c7a3580,Kristoforo,Mathwen,9,2,04/04/2021
3a70d72b-ba3d-4e8b-a4f9-e2e9fee26d6e,Staffard,Stebbins,6,2,06/05/2022
efbd39f4-7584-4ed9-accb-f045d6be8df7,Isabelle,Sayward,6,2,12/26/2021
9863a740-ca36-46b6-9f07-6c2db051345f,Kali,Seeviour,11,2,04/22/2021
fa667c1c-57d6-4067-b0bb-61e6ea2792d1,Genevieve,Gounet,9,3,08/17/2021
8078877b-068c-436b-9445-7f95b0cd700e,Bobbee,Mordey,12,1,02/06/2022
6a64f15f-5604-471e-8a92-f2bb4f493bed,Darrick,Lawleff,22,3,05/03/2021
b9d1fa21-ecd0-421f-86ef-c62ee67d2a86,Kristoffer,Forten,24,2,03/10/2022
a5ba0f4c-795c-4a74-9714-1e4635cd8ad9,Binnie,Egdal,10,1,08/14/2021
63955e3c-02b2-4089-b992-619f8173ec5c,Helaine,Larmett,10,1,01/25/2022
b3622dc6-15f2-463f-b587-ff93a07190e2,Niall,Nursey,20,3,07/23/2021
f4b04e78-f1d0-4b71-ba9e-125e9de977a7,Maybelle,O' Finan,25,3,01/23/2021
51d3dc5d-6de8-4b38-beb8-f69f2cf30d0f,Wilhelmine,Lineker,14,1,03/06/2022
eef010e0-2545-4060-a16c-8d619989cddc,Benjie,Blakeley,24,2,02/28/2021
39973f84-e15e-40a9-906a-67594877194c,Rodie,Vincent,25,1,06/20/2021
fbebdce6-da0d-4802-8ac9-77258f0c762f,Latashia,Worthing,17,4,07/15/2021
134dc1d0-5b93-4dab-88c3-b565168a0468,Janine,Poizer,7,5,03/09/2021
e97c7e38-ac9d-4ec5-988e-4c764bffdd96,Kaila,Brody,23,2,04/14/2021
ee54f003-3a52-41b0-bf5b-b7e053a6f3fb,Milton,Haydney,15,1,09/11/2021
d194bf49-dd2f-4cc8-85e5-9756fec4f079,Alphonse,Glover,1,5,12/07/2021
2f166864-a811-4481-b859-bbd3b489d091,Kath,Chazelas,8,4,01/05/2021
63e46bdd-3050-41ef-a0e5-9b9b08d66c86,Kippie,Gibbins,15,5,04/17/2022
2a30ab21-2362-4f80-bf04-4186cc671f0d,Sheridan,Aspell,21,1,08/26/2021
becd897b-6b8c-4065-86fd-270ae8b8530c,Cami,Pinwill,20,3,10/08/2021
47989da3-e4f3-4c7b-a49c-be7f02d77cf6,Ezra,Molloy,6,4,04/17/2022
609aabb2-4186-4d5a-aec1-fb3d98aa4659,Ashil,Pidwell,12,2,07/02/2021
80013445-80da-4fc4-aaeb-7bc8079ef276,Cointon,Stolte,15,4,04/21/2021
b0212b38-03eb-4a8b-b513-49600bac8aa2,Camey,Jahnke,15,5,01/03/2022
5c3f3529-800e-49ec-a359-f4898f101a5b,Dalli,Glowach,7,2,10/03/2021
ea666f00-9c3e-44a6-976e-2f071d4ff8cb,Adah,Lennarde,2,2,11/19/2021
0a46368c-c8a2-4616-9cde-2ab84cc38399,Halley,Gummoe,12,3,11/24/2021
bd735d58-ae8e-4a39-9173-38dbcc01653e,Renato,Clem,4,5,04/26/2022
bf8b0bc4-3b6e-4c9d-b37d-45de1e0ea443,Tanney,Van der Brug,11,5,11/21/2021
94b606a3-fec0-4254-ab75-3cc3d98200ba,Kissiah,Konig,1,3,10/01/2021
387b42ff-9253-4f4b-b13a-3edf4e600000,Berte,Abelwhite,1,1,11/09/2021
c1c3f8b3-67fa-447c-b646-576ee2f42ae0,Ginger,Benian,1,1,01/28/2022
69ab8f81-f7e4-463e-929d-378a3bdaf260,Anestassia,Renols,18,2,09/09/2021
b40e99dc-ab04-4493-a9ce-696b700eb722,Leontine,O'Brollachain,10,3,05/06/2021
0de3b453-38c9-4581-8d5a-b31b276f0e07,Dunc,Lafranconi,23,5,04/06/2022
ddffc7ac-275b-4724-8116-cb8e3062675b,Ingaborg,Lehrmann,12,2,03/31/2021
0fab6afc-d312-4687-a5fc-6f5a3d8f96c4,Jerrome,Guichard,14,2,04/25/2022
c6af35b3-78c5-46c4-840f-cd53361f92ec,Kipper,Head,8,2,06/11/2022
6a293e22-37d0-4913-8f19-30145ce3fcf0,Jeffy,Freschini,3,1,03/01/2022
2515ef94-fd88-44ee-ac06-85f057da9123,Ardra,Linney,15,3,01/18/2021
f5b8c07b-19f9-4b96-ad03-0b6629ba39b6,Harmonia,Cowely,2,4,09/27/2021
a7fca0ed-4d6e-42e8-bcf1-57431bf3f0fb,Alayne,Frean,24,3,04/19/2021
e7aef6da-930e-453e-8ae8-6f50be2023a4,Krysta,Baytrop,3,4,01/21/2021
d8c26681-4506-42c5-974f-4e749a0a21a9,Maison,Dring,9,4,05/18/2022
d4a523f6-7661-4259-b70d-ccf98db450a2,Claire,Gadson,17,5,05/17/2021
724e1c20-6001-44e9-9412-dfb17202bee6,Jeremiah,MacCahee,9,1,04/26/2022
120c7eb7-7c65-4023-8990-d64e75a436df,Glenden,Watman,21,3,05/07/2022
ea8ca624-d2da-4ed1-8839-36857a76a215,Ruy,Howes,7,1,04/16/2021
0313479c-fee8-49b1-a38e-530b85070340,Daniel,Sandall,8,1,09/21/2021
1d8126e7-78cf-4ab7-903b-5fcfc8ab6095,Emlynne,Pendreigh,25,4,03/06/2022
95ba7dd8-f8fa-4589-865e-66365cfb7e10,Rosabel,Parham,10,3,03/21/2021
72a5bedf-7a54-425c-8665-750396c1f522,Violet,Lougheid,3,3,11/07/2021
4e7ac449-a2cb-450f-afb8-a1d3442508ab,Eugenia,Van Dalen,9,5,05/23/2021
602c3a69-7154-46ed-9f87-c47dc5670221,Ad,Bellelli,5,1,05/31/2022
2e1c41da-c069-44bc-b9c0-1f8e19bf10cd,Joseph,Dovington,11,4,04/01/2021
b38cf097-71db-4d41-a916-c6e7eae69108,Jemmie,Hawkey,15,4,04/13/2022
17690843-dfc5-461f-ae8c-0011f8c896d0,Bernardina,Henrys,17,4,02/15/2022
509673c3-bcb8-4555-8966-fa8550ebeada,Adair,Pizzie,16,5,04/08/2022
14648a66-9ce6-4286-a2fc-3f72dd14610c,Neill,Loudyan,20,1,04/07/2022
8d3500c9-5b81-44bc-a788-71b319cb7a1f,Toiboid,Southerns,11,4,01/27/2021
fc6da65f-43c9-4f1e-9473-93a91017af9e,Caesar,Murphy,22,1,08/06/2021
828aeff1-7b72-432b-8e73-77730b503380,Wynnie,Dowderswell,9,2,04/20/2022
da6a0a07-8b75-4b9b-9025-b440e501b629,Jammal,Deluze,14,4,11/22/2021
f8a56ad5-3bb2-42f5-9b2e-d36fb51d3d5c,Pepillo,Adamski,7,4,03/21/2021
0ee894ce-7d82-4bbd-8bc6-929cefa0adb5,Brina,Brabham,14,2,06/04/2022
e04df6ad-56f5-4c2a-a3d3-33fd08c8e95f,Keri,Tooby,6,5,04/08/2022
5a555dd1-4e12-4f39-afc4-d04e56db34dd,Simona,Sherrock,11,3,04/10/2022
8ef6eb80-6ca3-44d3-86de-49f3145863fd,Emylee,McIlmorie,6,5,01/11/2022
3b2de971-da55-4e82-bdea-ab11fb27470a,Davie,Po,7,1,06/02/2021
56ec8b93-427d-4539-b25a-817cf6cce2d3,Ashlan,Edmondson,11,4,05/25/2021
304655c1-e18c-49ef-bd26-b3a3517e8ab2,Osborne,Van Hove,21,5,07/24/2021
8d1284d7-3c5f-47ea-b31b-917e54607ca9,Gordan,Gillooly,24,3,03/09/2022
4d7df34d-6732-453f-b60f-666f407d0447,Brietta,Alonso,11,3,07/03/2021
c97b0a26-723d-48f3-a2c2-8adea3ff3d0c,Moria,Brushfield,19,5,02/09/2022
d18bd84f-4154-4a68-8edd-6f5a85dff2dd,Marven,Jon,8,3,11/19/2021
0ed57956-16de-45ef-a794-c9b4217154c2,Edgar,De Lisle,5,3,03/01/2021
4f77699c-e432-44b8-ab56-ca517020c118,Gregorius,Ibel,17,1,03/27/2022
c5254233-9ed6-46e3-ac95-7b61625e3305,Elaine,Watsham,10,1,09/01/2021
edba5add-ba26-4a19-afb7-f043a339747c,John,Kores,17,5,06/03/2022
a4cb842d-4ab9-4af8-aa53-34346186733e,Bethany,Collie,9,4,09/13/2021
362bf15e-5c4f-4f09-9f12-ed67d4e07e99,Web,Brodway,2,3,01/01/2022
c83a0b50-7f68-4029-8413-9af6fa176555,Kenon,Suggett,10,4,10/02/2021
19ce35ca-c72e-4c34-bad1-ad276b84ecbb,Lynnelle,Jobbins,23,5,09/17/2021
3cd965d5-e73d-4e85-bbe2-ce2c6208a6ac,Aloise,Bradick,2,5,10/22/2021
56a7c232-ebbd-49bd-9a7f-9a0d3a39ceb9,Grove,Cummungs,7,4,04/27/2021
6b49e37a-ed20-4084-9d6b-e86be82b9e02,Rianon,Assinder,2,5,04/29/2021
9ffc1658-c9f7-4538-af29-388f39c12e40,Durante,Pascall,21,1,02/19/2021
67fb9e8e-2af0-4b2b-ba90-c3e6d3669fc6,Bald,Quarrington,3,2,04/22/2022
56b3efbe-638c-4312-8f49-bc225aa56e64,Malvin,Hassin,14,3,10/07/2021
5eef3fc9-7662-4c91-9ab1-afc911816690,Janie,Arlett,9,3,11/17/2021
a76f9a7e-bd8c-4b13-bc03-b1a41d819bac,Roberto,Seiller,21,3,01/24/2021
5a542643-2f88-40a9-a0a0-62a94a391bb2,Rosanna,Trembath,3,2,12/17/2021
425e46f8-af29-4325-830d-eac3cf400720,Alexis,Harbor,7,4,02/28/2021
a190137a-8508-4e67-8227-78af46fb091a,Gawen,Grestie,15,4,02/26/2021
e332bf5c-324b-4c73-97bc-32cb846fd1c8,Goldina,Verdun,15,2,03/12/2021
d268cd61-9ea0-4e6d-8469-d9733270f556,Gaile,Vamplew,18,3,08/11/2021
a65eefef-efbb-4050-8e50-7e0be2d4c716,Garwood,Simonel,22,3,03/03/2022
23d9cc6d-517f-4e18-9a54-ab809ac664cf,Montague,Leyband,3,4,12/13/2021
6d223c3f-ca55-4006-b701-fe3720719826,Tedd,Tante,22,1,02/28/2022
42f33ade-0c97-42a1-8e57-56cda6dfd2c9,Meredeth,Danilewicz,9,2,12/24/2021
627f829c-216c-4369-9cd6-8b723099e97e,Tana,Hirth,11,1,05/12/2021
a14893c4-9427-40de-a45a-9d64e7a23df7,Mark,Marrable,7,3,08/30/2021
7d56808a-817b-4178-80bc-a954620ee016,Pattin,Scanterbury,25,3,02/17/2021
37bfcbe9-434b-4a41-8d85-51d3790572de,Reeba,Melanaphy,10,3,03/04/2022
01e60d03-6499-482b-84fe-41fdd22b6756,Verla,Fennessy,17,3,01/08/2021
53af6e2e-f127-4c60-b674-1c2e520b9b96,Ave,Springer,22,4,06/11/2021
f8e08633-f4a8-4328-83c3-f294d1a00cbf,Lyman,Dignon,13,5,03/09/2022
2ee93c55-8b9e-4f6a-9ad8-7a0fcf16d1f9,Bentlee,Byfield,8,2,01/23/2021
b6e5a01d-4a63-4df8-a5a6-dc002f142128,Arri,Collyer,22,1,02/18/2021
91cd3045-07b6-4fd5-b75d-5db0363c5499,Tracee,Rowbrey,19,5,11/01/2021
0e1f5ac3-a43c-4ea8-9698-6c005c0d067b,Tedd,Masters,9,5,11/22/2021
6d528085-b568-46da-ae35-0a47b2f0cae6,Konstance,Gianneschi,23,5,05/12/2021
da955b0e-acf5-4ca6-bd24-e2f96e837a13,Calv,Casbon,11,1,06/03/2022
7de6878d-49e2-4987-aae5-d90570b06d82,Ursuline,Stearn,2,2,12/23/2021
98633b02-1002-414d-9c25-4f4ff25d26d8,Cody,Ingold,7,3,04/25/2022
595a7a42-9c98-4f6d-b649-136032c5c0d2,Scarlett,Rudsdell,9,5,05/10/2022
a045357a-47e3-470e-850a-38cc862b02ce,Cassy,Filipowicz,7,2,12/28/2021
a6042427-bf95-463e-9cce-c275d7b4d62d,Ninnette,Tomsen,11,3,04/05/2022
827ff458-e2ae-4006-b021-ff99ffa9ff17,Gaven,Vido,5,2,06/13/2022
0ab92044-2901-424e-93f5-f14a8a343729,Lorraine,Zahor,10,3,08/14/2021
0cb66c83-b4b9-462d-980c-6fa144e79962,Shermie,Betteriss,2,5,07/06/2021
4bf87c4c-d76a-4a90-a2d0-fea102f30178,Lemmie,James,5,3,04/10/2022
5fee3e4f-d84d-4700-8eb7-49aa94c37346,Gardy,Van Halen,18,5,07/05/2021
6c606188-ce47-45be-b1e8-aa30587274b4,Gianna,Jory,23,4,07/28/2021
155abb08-3c01-41de-89c6-d5623c0eab6e,Freddie,Fontaine,4,1,07/20/2021
28727316-e5f0-4ef2-9224-9f52604faf06,Milka,Gymlett,12,3,04/26/2021
51f2f56c-39ae-429d-82ae-92fa2d183f69,Jemima,Clough,22,2,02/12/2021
474aa778-a78e-41ad-b0f3-ba2aa403a885,Gray,Desquesnes,22,5,07/22/2021
61e18412-b6e0-4bf4-bb65-fad655867cc8,Myrvyn,Cradick,18,1,02/09/2022
14b7f3b7-89eb-4a04-8e64-b27ba96812d9,Curtis,Wilsey,21,4,01/29/2021
8f993cd4-c7a1-4c4f-8c39-b8d84e6bc478,Deny,Celes,18,1,10/04/2021
919a20af-27fc-4326-988d-cab81e4e08a3,Oswald,Mulcahy,3,1,01/08/2021
d56629c1-6a32-4288-b557-31575cc62b74,Dasya,Tremayne,21,2,05/12/2021
45d7a14d-0bf8-4bda-98af-91a61274d2f2,Jamil,Kite,11,1,04/05/2021
2ec0fa2b-8b79-44da-835a-72f8a7014c30,Earlie,Broek,22,2,12/05/2021
8f7dea7a-37aa-47a3-9aa1-484f140de7c5,Jeffie,Santorini,10,4,06/29/2021
43f0220c-5948-4a82-b173-892e0496763b,Kerrie,Baldree,10,4,03/10/2021
25dab1f4-0788-4cea-b1f5-6c8285b941ec,Johan,Suddell,22,2,08/20/2021
19caa1dd-2789-4408-832b-4d2b601d9293,Zebadiah,Cheake,4,5,06/09/2021
ed15ce2e-bceb-41bc-923f-4572e772cfd4,Moreen,See,18,4,04/23/2022
c8f2c3a1-4423-41a0-8b1a-29ece877ca4f,Zackariah,Faers,12,3,03/08/2022
5833ed18-63e9-46d8-8f7a-eac374cb87ef,Bradney,Aries,21,2,02/06/2021
3ed82cde-ca91-41a1-8bd3-58f1f4bb5818,Charmane,Marlor,3,4,03/08/2021
51ab51b7-d888-4976-9ebb-76a0334aea47,Kile,Stihl,14,4,04/14/2021
b6af761e-f811-4516-bca2-2f0cf7ad7dc5,Mose,Kean,10,5,04/10/2021
e69d5da3-e7d3-46ba-ae7f-5d1174470aeb,Angy,McKall,15,3,01/18/2021
f4177985-7671-4735-a652-32fb96b26efa,Malvina,Tunney,5,5,06/01/2022
36658598-f689-40bc-b2ec-16b1ef682460,Godart,Mc Ilwrick,14,2,06/17/2021
91c84a56-d75c-49d1-ba44-d2ab95bf6c18,Celka,Masi,24,2,01/24/2022
120e8d9e-6f45-49e7-9728-d01ec407e776,Jerry,Hanbridge,24,3,01/31/2021
f20a1c37-0456-4f84-bd81-e41569dfb95e,Ardelle,Awmack,23,4,01/31/2022
7cb73b72-8257-48dc-9a87-ec8bd72b50db,Travis,Thwaites,24,4,03/08/2021
1715f95a-b5a8-4953-9cd6-66cd834fff8e,Eunice,Snozzwell,6,1,02/23/2022
daa79a83-82de-4106-9697-a34b86779d28,Thaxter,Todeo,25,1,05/13/2021
8fb23fc1-08ad-4082-b6a2-d1410986225b,Berenice,Waistall,18,3,08/19/2021
1b8d9af9-b550-4adb-b5dd-c19b13c11e8a,Ilyse,Holtaway,6,3,10/30/2021
fcdeee9e-bcdc-47b3-b07d-b9b53c946cd9,Bertie,McCoole,22,1,12/22/2021
63b3edf4-3e51-448e-a0a7-95bec54f3db0,Rawley,Lyddon,7,1,10/22/2021
610e5e54-af54-4dc4-96b6-0b29cacacd01,Pancho,Jorcke,6,5,03/09/2021
d09d4ec0-5c78-4a77-a375-155ea36b9d8c,Lorilyn,Notton,1,3,01/14/2022
a83919e7-83c9-42bf-83aa-58b66df266a7,Duffy,Buessen,11,1,04/10/2022
683c1648-0ae7-49b7-af0a-5eb65958edda,Chiarra,Jillitt,2,3,05/09/2021
65299b42-6616-4c0d-8f4e-28334bdd21fb,Rhody,Caltun,11,4,06/14/2021
01991ae4-b809-4ed6-b451-139b783a0891,Starlin,Cauldfield,19,3,03/06/2021
411dae4c-3831-44d8-89a8-ec2f4ba6d193,Yul,Belfitt,17,2,08/10/2021
67c1996a-1135-4db6-9e84-8944d0f81f80,Glendon,Cromly,23,1,06/02/2022
91ea3f18-3b58-40bd-90b0-0fee9bf3b05e,Almeda,Bugler,11,3,10/11/2021
0f4ab796-c289-47d4-b049-4a3a978daeb8,Nomi,Maffetti,13,1,02/04/2022
9d93d07d-2590-4e4f-94f4-df07af0d7999,Korie,Aberkirdo,25,2,07/28/2021
47efee1a-d5fe-477c-885a-93ee2738ac95,Rozalie,Aust,13,5,01/10/2021
b5860f8e-11f8-4440-9839-d30140fa0035,Quillan,Fishpoole,3,3,12/28/2021
6bf1b4cd-ff9e-4b79-9a1f-a652bdd885d0,Aggie,Hustings,18,3,02/18/2022
6403ef37-5601-4f32-b46e-95c0c0929beb,Corly,Tsar,9,3,04/28/2021
e8c61f91-ddf5-44bc-b76f-a8a805728747,Ford,Besnardeau,4,5,10/15/2021
1170e3ff-8909-43dc-8de2-6c40142c8ca4,Dolph,Normavell,19,4,09/29/2021
8b80dc50-0715-4d2f-9314-089bf2eea43d,Deidre,Gebby,18,2,01/15/2022
c21172a5-2216-4f07-a7ba-3df56bc04e82,Hedda,Bisson,8,5,06/23/2021
cf959e0e-4dd2-4656-837a-540d06d76334,Stearn,Readitt,16,1,02/20/2022
d5647608-2861-4c81-9efa-8a6a1ec2f19b,Kennith,Normant,18,3,03/07/2022
b421fe87-26d6-42a8-961f-52638ca19aed,Virgie,Grinnov,3,2,04/03/2021
14b6fa9b-be9e-4b60-97cc-38bd4da5b1ef,Flo,Govini,12,3,06/03/2022
859d7098-b947-45c8-afb8-bd33071153e3,Andriette,Hennington,12,2,06/10/2021
659ae9d3-0b3f-48d5-a5ab-8b8d3413663c,Maximo,Sedgemore,9,3,05/12/2021
9149f3a6-f74a-406e-af87-7aa0879ac3b9,Vinita,Knevet,12,4,02/25/2022
00a0d7f4-5240-452d-b393-401a107be734,Harman,Swetman,22,2,02/25/2021
66371f9f-4c1f-4d67-93ee-2538c575a978,Holly,Beccero,10,4,03/03/2022
44f47cd0-8e4f-4b89-a20e-613665eba787,Nicolais,Larkins,25,4,07/12/2021
9a113314-fe39-40f2-a839-4dd5da2e168b,Royce,Snowling,12,3,10/02/2021
0f4478e5-5a10-47d9-b535-d9b13e1c77e3,Tadio,Thomsson,6,3,11/21/2021
e7e43e94-0bf8-4b9b-964a-e9be46343a54,Ware,Cheek,18,3,03/20/2022
3d4c5d4d-e4bd-4da0-91b2-fa5a209e9d9f,Lilly,Deamer,24,2,01/17/2021
61e7386b-9a85-41f3-bbb2-d6705b737bf9,Augusto,Garmanson,12,4,01/21/2022
cb19fbc9-a7f9-408f-839c-d10416a4c1ff,Malvina,Geddes,11,5,12/06/2021
d40e2747-b984-4b37-9a7e-b450ab39d11b,Elnore,Dawley,9,1,04/16/2021
f7da8969-f173-49e2-a4f8-71a0773abf1e,Ruben,Piaggia,20,5,04/06/2021
22ca006c-ba6e-42ec-b516-396452547915,Wake,Di Frisco,8,3,04/02/2021
39306f23-000a-4bd5-9ee9-9d605bfe26ad,Darline,Arrault,22,4,04/26/2022
e938c4ba-6e5b-4503-bea0-533222ec23bb,Taryn,Rosell,2,4,09/24/2021
3f440850-2138-484f-899d-6bf6bff4eb5b,Maryjane,Huzzay,12,3,02/04/2021
aecc1ef8-b336-4b04-bae2-697307fdb240,Gael,Kainz,9,1,01/02/2022
fcdcbc31-ef2a-4708-af54-8d955d9569a8,Gisele,Layburn,11,1,03/06/2021
a7c9b669-cc04-4d97-9206-748121762950,Ruperta,Franzen,2,5,06/15/2021
91516664-5ca6-4e3a-b3db-7439b19e7a73,Martino,Dymott,8,4,03/21/2022
fb7530b8-adc9-4fa1-aa25-9acd1724b22d,Rona,Saph,6,5,09/29/2021
9d72e04d-b4f9-4620-9cb5-c0172f4b1e2c,Othella,Powys,17,5,03/09/2022
5a2370dd-8d5a-45bb-96f6-39253e3faa55,Ethelyn,Hub,10,1,10/23/2021
1ed56824-5fb6-4c53-9c96-51f43b235500,Debra,Balma,4,4,12/25/2021
9e18a1c6-2a19-451d-a354-f67d979e0805,Jemima,Clilverd,1,1,08/04/2021
4c9e4f6e-1a0a-4aa2-b9c0-2c39c2cae1e2,Rosmunda,Hexham,22,5,04/23/2021
ee311621-fa5a-46ca-8e47-701761e3ff68,Aurelia,Bordiss,14,4,05/28/2021
4f437535-3b96-421b-9e13-991c65a609af,Sauveur,Cockaday,5,2,03/14/2022
01e108d0-f760-4461-a165-90c7a1ebfa2b,Bertha,Balfour,23,3,09/30/2021
6d101c0d-b813-48ca-848f-12f8cfb28cf2,Ruperta,Older,14,2,01/16/2021
29e27e78-7635-4260-bdaf-eb51b0d9b541,Marietta,Heatherington,21,2,01/11/2022
7a78cfe0-7f55-47bc-a43c-d9e0bd05dfdf,Ardisj,Mucci,20,4,01/22/2022
fd040d93-978a-4e7e-afde-3a22a8df99f0,Floyd,Sprankling,10,4,02/22/2021
f98394bc-e382-4cfe-baef-5e4383719fcb,Terence,Wasylkiewicz,6,3,01/09/2022
a16d43f1-de61-4375-af62-a02a543beb3e,Alfonso,Matevosian,22,3,09/17/2021
96762911-ced6-45f7-8c15-b77d72c6b25a,Grantham,Trevaskus,21,5,01/17/2021
ccb16b24-b91a-4812-a1a0-8257266300d2,Stormy,Drance,9,3,09/03/2021
a928cd78-1e52-4d4c-aada-2c3606b23425,Fina,Pochon,2,5,06/10/2021
02f2ed7c-8ea9-40b5-a728-efb18d1cfac5,Astra,Kyngdon,14,1,04/14/2022
06697a04-377b-4098-90e2-55bfb2591608,Lynnet,Frizell,11,3,03/28/2022
98a8a5d8-26a2-4aea-b59f-31f3d5d8bcfe,Jerrine,Morfey,17,3,01/08/2021
9395dab6-7665-4c71-8eb1-df03e4bb75a8,Boris,Tesimon,18,4,02/10/2021
e35f7e24-98ea-4196-9775-53ff0d7c4712,Alana,Garrish,11,1,11/04/2021
dfa85f9c-c7ea-47da-829e-8e8ff875fa35,Callie,Bartolic,24,4,05/21/2022
e7b8cc72-c749-4daa-8be3-669d370d262a,Eddy,Linturn,16,4,02/20/2021
de33cd38-53ab-4f59-92a7-8de310a86f24,Domini,Kirkebye,8,2,12/06/2021
49daa614-818d-458e-a209-e57e2d222ec9,Dionysus,Bohman,21,5,04/07/2022
e0aaa267-c534-4b2f-a4e2-6129fdf09969,Percy,Titman,23,1,08/16/2021
9e8d52dc-4ebf-428f-8c97-1b91282326a3,Marti,Fist,8,3,03/15/2022
65ce1b62-4ebb-4efe-9de8-c7fc7d9138ea,Natalya,Oboy,10,3,04/09/2021
a6ace49d-e8c5-40ef-8651-5f460afa7ca6,Angie,Tockell,15,5,08/12/2021
ee35a766-5da4-4ef3-873e-21b2ad135024,Dasya,Klasing,16,5,07/24/2021
fafb3dbf-2671-40be-83f9-1a0b5e4da84c,Otho,Knill,14,4,08/16/2021
5f814748-0ff2-4915-bc3c-35a311a39815,Madalyn,Haskur,8,4,03/10/2022
49ed4972-e744-43dc-869b-6fd08d6d7601,Gaston,Gubbins,5,4,09/14/2021
cf728b42-0832-4625-8956-0cb7ea9785ad,Chicky,Jewster,1,2,10/18/2021
c3168c37-6a6d-432e-908a-a1eb0303870f,Carry,Bonner,1,3,03/06/2022
c18d437b-f9d2-42ae-9aa0-244838a931f0,Lacee,Raithmill,13,5,06/04/2022
839894ec-7ec1-4a72-8eb6-c3cf16ed83eb,Dulsea,Crowth,8,4,03/12/2022
f6487c10-9472-4fb3-8871-4bd4af74caab,Nessi,Sales,18,3,01/21/2021
31b896d2-6565-48b4-b7aa-731c8d8d97b7,Annabelle,Gauvin,8,5,04/15/2021
c3381c43-c907-4197-bcc2-10960b75840d,Keelia,Verecker,8,4,02/12/2021
9dd6ee97-6898-4511-8165-2518685c2cce,Ailene,Medford,5,1,01/06/2021
1b993a16-b28d-44d9-bbde-03ef151a6639,Eileen,Sander,16,5,04/24/2021
a3e872c1-80c1-4403-a363-4ce924023f8f,Betsy,Bloxam,15,2,03/14/2022
a04d1809-f90b-43c9-a9dd-d878ba7fa082,Boyd,Chansonne,21,1,06/26/2021
9e114e99-1cdc-4cb2-a8a9-a12e00590399,Ursula,Rucklesse,5,4,05/15/2021
ff81345c-4232-4f90-832a-d997985be661,Liam,Casassa,22,3,09/20/2021
3a87fbae-e2a9-4c66-89d6-b63a720f924a,Rafa,MacDowal,16,1,12/04/2021
f8a7cb49-b0d4-4ca9-a11c-8bc003b33cbb,Twila,Landes,21,5,12/17/2021
eef86cdd-8f1c-4c70-a4da-dbf74c5dc39e,Garwood,Pedlar,12,2,12/27/2021
256a4ce9-bd8e-4473-9acb-990039590c5d,Friedrich,Duesbury,5,1,04/05/2022
0850bc79-4704-4b47-a4b2-653c3bd7f7b8,Tarrance,MacAnespie,4,4,05/06/2022
9bd96a1f-2244-4202-b101-10e76d04dc9c,Geordie,Siflet,6,1,03/28/2021
e8ad203d-4a34-427e-b767-cb6cf138d917,Odessa,Dorrington,2,1,01/27/2022
959e7fbd-4c98-4c04-81be-a21353707521,Kyle,Windsor,13,3,10/22/2021
81bf8814-e8e1-4bf7-b23a-d27de4894921,Esmaria,Heel,22,4,05/16/2022
52d8a753-ebf6-4d70-952a-db69cad826ea,Nedi,Beardmore,19,4,11/10/2021
3f243290-7ae6-456c-8151-40d313bc2b45,Gladys,Panas,10,4,09/20/2021
8c861496-e13a-4cd2-98d3-e4ce126f165e,Mair,Seaman,1,3,06/02/2021
17e5b4da-4a9f-4b48-9dca-7d80e07fb1be,Tobey,Bulluck,4,4,08/20/2021
82b255d2-1efc-4f85-8d62-c5f5142d8068,Felice,Methingam,22,4,02/11/2021
f50b4e72-f980-4dec-a614-7070690dea03,Brander,Boyat,2,4,04/10/2022
04e26685-06f1-4b8a-8d82-170a967b1323,Flori,Munroe,22,4,02/06/2022
067512f5-3e5d-46d2-b854-46b88e297041,Carin,Bracher,17,4,05/02/2022
885024c9-e7ad-4b16-a89e-c7363ca57b2d,Maggi,Laundon,10,4,01/31/2021
0eaae892-69a2-4219-8ab2-960e5510773c,Pren,Brickham,1,3,01/11/2022
10d16caa-ab42-47c8-9cb9-f7856ea45858,Maressa,Biggadyke,5,1,02/15/2022
ebc4dfd2-9c67-44a5-956f-7bf125b58b45,Antonin,Delwater,20,2,05/30/2021
ca50b720-760b-4ba3-ae40-2434e0b60fad,Samantha,Millard,25,2,09/15/2021
3fa1cbe1-eb1b-4352-8804-e0733e75d50c,Rosamond,Mack,6,1,04/28/2022
a5656f3e-730d-4fe0-8be2-3def09d1e083,Eulalie,Larham,2,1,12/29/2021
47866396-708b-413e-91ed-f9ee9d52e7ca,Shelley,Moverley,23,3,09/03/2021
46ae1776-b9e7-415f-8d9d-2daf0464a7ef,Arturo,Rooms,3,1,07/29/2021
260b7637-da50-4d49-9eac-a7e5d1c16625,Ichabod,Julyan,5,5,12/20/2021
9062eb97-0e1a-4525-a38e-b59b66754c5b,Pebrook,Gratten,15,1,12/07/2021
0a766d98-ee1a-4809-aa97-0f81bb7d1ab2,Ethelind,Kalker,9,4,06/03/2021
c3a09dcb-7ab6-41f3-b3e6-7fd29e771642,Milly,Every,7,4,11/08/2021
071a4a18-60cf-4455-978b-938f42c90604,Nisse,Kordes,1,3,07/07/2021
7a42ca97-06a0-401b-be30-f4fa7dcd94ed,Carmine,Bixley,17,2,06/10/2022
efaf23db-65bf-490f-91f9-15036a9badc9,Archaimbaud,Bolgar,3,1,12/11/2021
bc108c73-7feb-44f3-8683-686b407883c2,Zeb,Chape,4,2,11/13/2021
bfb1ea24-0202-43ce-993b-ade34c578a8b,Sidonia,Buscher,11,5,10/28/2021
8be32f59-c3c0-46d8-bd62-56653591b665,Bil,Vondrys,1,1,01/30/2021
32f5380f-5504-4411-9a4c-ff9a92dd49e3,Lorianne,Swatten,24,4,01/17/2022
23075edb-15a1-47ce-8c98-9d28e1262b77,Rafe,Stockford,22,1,05/09/2021
f1f1c566-eb8d-473a-989a-f34ce88f7993,Noah,Denton,1,2,05/27/2021
8c7b6f3d-6bf0-4aa2-b75d-3980202774ad,Loutitia,Tyrone,12,5,04/30/2022
27e61ef6-a313-47af-b98e-2599d2279cc9,Noni,Gawler,24,2,05/23/2021
59e0d3ca-bf01-49ee-a8ce-c51c1e4d8c4c,Giffer,Leathe,11,2,01/18/2021
cced49a3-fce9-4e6c-a1e7-1810eed66f19,Scot,Duffil,23,1,04/08/2022
77624224-431b-47cb-b5b6-dcbd6c7b963d,Elihu,Wattingham,16,3,12/24/2021
c7547d96-f411-4c2c-b421-73f2ae1bc766,Damiano,Hourihan,4,3,05/03/2022
88b76e83-6cb6-4165-be6d-27d707d62a6b,Killian,Loving,8,4,12/16/2021
a7e8428b-1f64-496c-a8e7-f6f74a2960e2,Tricia,Rene,7,1,02/03/2022
8a43f5a7-b017-4c86-af0e-f481bfe58738,Vernor,Aluard,13,2,12/07/2021
6eafc488-888c-4478-9944-9c0488e67fdb,Rycca,Farnall,11,3,01/29/2022
e208fb5c-25b3-4227-8cf1-0dd7dd37319e,Kelbee,Cicullo,12,2,01/25/2022
093077d7-f819-4fb8-be37-1fb37785189e,Ola,Oaks,17,1,04/17/2021
927971b1-f08b-48c4-83ec-4299019679cc,Gayel,Wailes,22,2,09/30/2021
e84738ff-4d18-4187-9ec1-f495b468551e,Katerine,Bertomieu,19,1,01/22/2022
44887815-38d3-42b6-afaa-3d20787e13fd,Ches,Theunissen,22,3,04/18/2021
37ac2ee1-e0c6-4a4c-bc79-bae5d3868302,Symon,Volante,10,1,08/19/2021
0fac397a-631b-47f5-9d6c-422605541d92,Misha,Pownall,24,4,03/19/2021
4a277876-f823-424f-820e-6b47c48dfb92,Holli,Artis,6,3,12/08/2021
4d535d46-12be-4754-ae45-cb220f72fdd5,Merrielle,Formie,1,5,02/18/2021
58930b5b-4e02-4f51-9c0d-37458cebb978,Kelcey,Tommei,7,3,05/01/2021
f513a2f6-8157-4e39-9a5f-2113dc23e4bf,Colet,Ipgrave,1,5,01/22/2022
87ce5627-dcc7-44df-a837-25dbf1f7c7a9,Eloisa,Sherland,17,4,12/13/2021
701c4de4-69d6-4442-8c31-9b979f1897ca,Ibby,Eastmond,24,3,02/26/2022
70bab5f4-9c9c-40ba-8b15-212e13dd6a44,Alwin,Gerb,6,2,03/23/2022
71efa885-94ba-46e3-a0c1-47258b5cacfe,Mal,Glanvill,1,4,06/14/2021
b8846119-3186-4767-b81c-5404ff0554d1,Gwenni,Mitchiner,11,2,02/17/2022
dd55c0c3-3a5c-4310-9733-f0408ee04642,Marji,Huxley,17,1,02/24/2021
6080f222-f7fa-41ad-b7a6-c47570fec1c1,Ambrosius,Anthes,1,1,07/27/2021
89eb3ee1-222f-4a49-ae1f-43ad5024ca01,Maurita,Truckett,9,2,06/17/2021
76b270ae-e2dc-4e67-972d-abaf639b9cbd,Idalina,Camier,13,5,02/23/2022
041e1b2f-6905-4cef-a11a-1e1e65e79234,Roosevelt,Donaho,10,1,03/05/2022
3cfc980e-eda8-4ba6-9c73-4a68c1e1b83b,Cathyleen,Godney,20,5,06/11/2022
d176e95c-e02b-49cc-8d9c-1abc08ad81c6,Fredek,Flahive,8,3,10/13/2021
4aa7d952-07e1-4529-821e-cdd68c453122,Nevins,Furzer,10,1,10/28/2021
446fca22-e61e-4d12-991c-0b531a663579,Carena,Price,1,3,09/16/2021
2d8d40f7-3283-41d7-ae24-02b110e0b888,Seamus,Yakubovich,16,5,01/08/2021
8a58f68d-9ca5-4c6c-8b99-04bcc8387b8f,Alvan,Raddenbury,16,2,02/28/2022
27e971b9-720d-4272-bf20-3fe106de999b,Tony,Crix,8,1,05/03/2022
f83c7361-bce6-4fed-bef8-17153225c438,Chandler,Roony,20,3,06/06/2021
b143721d-78f8-43d1-b2ef-5376671edf55,Arnie,Glasscock,22,1,02/27/2021
1ec2e9f8-d9b6-4f85-9c5d-0341bb5b0ff8,Aura,Mussetti,15,5,12/09/2021
1acc9f44-2e54-49a4-9b16-6349a87010cc,Randolph,Tonsley,15,1,03/15/2022
8c9c53d5-49dd-4674-a201-c1aa6d1542be,Lynett,McCowen,1,3,06/30/2021
6332027c-efc5-4df1-b4d1-b681478ca739,Jose,Hewins,19,5,06/10/2022
383e76f3-722b-4950-b347-cde051e2f412,Garek,Routley,2,1,04/25/2022
8f0974ba-4219-4722-b506-7048918f7ab6,Eugenie,Shelly,22,3,01/21/2022
246e5bb6-4251-4ead-a30e-9ecdef42bf62,Armand,Tuer,21,1,02/05/2021
acbf2d17-8924-4345-be6f-e991738e1668,Costa,Laister,5,1,02/12/2022
b496dc37-0624-4b6a-80ca-b74974d4c831,Bernardo,Rycroft,4,2,05/10/2022
c31364be-4aed-4e09-ad5d-91a72ae24a09,Gifford,Potkins,17,2,02/01/2021
398c0fae-e322-419c-96f1-f0b2b6ddad9a,Dawn,Castagne,3,1,05/19/2022
3df32fa9-5854-452f-9f66-328063fe41ab,Fenelia,Dacca,1,4,03/01/2021
6473bad6-1a48-4bfc-a932-4fc19d805ad3,Bill,Brainsby,1,1,01/14/2022
689839f2-aec8-483a-9b90-a58b26052c12,Lorna,Glidden,10,4,05/12/2021
2ffc52c7-d0d5-40ac-87d6-d432a045820e,Savina,Aldins,8,3,01/24/2022
42d43ad3-d99f-474f-b798-11cc4a88a9bc,Clyde,Baynham,19,2,06/03/2022
5e53cb26-de3e-49ba-8f97-ac7ac124be2f,Anna-diana,Mourton,12,1,04/21/2021
e34501f4-0694-4dfd-b479-fdff597f50ee,Laurella,Jannasch,21,2,05/30/2022
bd737f65-b9c2-4ef8-bc51-0b10f9744043,Tisha,Hulbert,17,5,11/26/2021
e99e7794-5d34-4172-ad8d-d5d7ec130b79,Star,Garaway,6,1,11/24/2021
6ecdb1b7-ceee-4f34-8b5f-e61636ffe09b,Corry,Ducker,23,1,12/01/2021
f7da24af-8e65-455e-9797-6ec44bfeba9f,Caprice,Warburton,18,5,01/15/2022
6edfb6dc-7d08-4630-bc03-ee31af94a8c6,Tabbie,Philliphs,2,3,01/10/2022
984a8b11-d0bb-4810-b4b5-b38c25abaa09,Patric,MacKaile,6,1,12/17/2021
70aa5397-b02a-44bb-a047-1beade2ec856,Marilee,Skpsey,6,2,01/11/2022
193e6f49-00d3-4dff-978d-3835dfc0ab96,Dael,Victor,3,1,03/06/2022
b2726cb3-4f2d-4063-8cad-74126d300ca6,Paulie,Mattosoff,5,4,08/25/2021
25830b04-12d3-4ac3-b023-87bc00a41456,Shaylah,Bilston,23,3,02/14/2021
d5d8ba77-1321-42f5-aa43-fcb7036362e2,Oliy,Gildersleaves,14,1,03/02/2021
6d1eeb61-0ae1-4d46-add1-353b81f93451,Selene,Bettesworth,20,5,08/05/2021
fdffe91b-903c-45a6-a5e2-9f054b762d4d,Sylvan,Eyckelberg,11,4,03/29/2021
523f3fbf-ba75-4b75-9cbe-2c9d7e17c9d0,Marta,Dicker,4,1,05/19/2021
15ab7846-4e89-485f-be86-d72a1fc66d4e,Kim,Bostock,23,3,08/29/2021
6920b3a8-0286-4d75-835b-48fc0b53d04a,Polly,Farlham,7,2,01/09/2021
59ea7f55-1e5d-4fdd-8da0-aa22e189be62,Crin,Naile,11,4,02/21/2022
aab6a0d7-72be-408b-9c30-9de6745dbb33,Michelle,Rieme,3,3,02/28/2022
d99618e6-17f2-47ce-be33-1dfaae6b660e,Ephrem,Weldrick,1,1,01/16/2022
6e1f20fa-e96d-4f92-b238-e29633b07575,Kerk,Gather,13,1,03/19/2022
3a0bfc85-26fb-4aa8-8d85-86515d3886cf,Consalve,Maillard,1,4,11/20/2021
a61f9582-f77e-4d68-a18a-dde60be93425,Henry,Kittiman,19,3,05/28/2021
39a190fe-b476-4826-a005-d39e268f8c8f,Amery,MacCaughan,2,1,01/17/2022
b0e5d461-2830-48a3-9096-a47e20728752,Galvin,Grigoliis,2,3,06/06/2022
504a7773-4d47-4e8d-b5f0-fd0a6386b24f,Laure,McGirl,18,2,08/28/2021
8b3f291f-13d2-43b2-9dd1-f5a25ec75ac3,Rolando,Ales0,2,4,05/12/2022
713e605f-d8b9-4ab2-b5b6-5fb4d9697616,Joel,Cuerdale,11,5,02/07/2021
c1b5a2b7-3d4f-4925-9e03-5a2f3a81d0ed,Sarena,Ubanks,10,4,03/08/2021
3c4857ee-6b77-4b06-8cdd-f022be53c314,Nollie,Enrigo,12,4,10/20/2021
e6875a12-8058-4113-9f98-06bd9be2e9bb,Randa,Purchase,8,4,08/05/2021
767f0073-d34e-46a1-8f9a-d55e6c8e9196,Jamal,Pretor,11,5,04/08/2021
ba1b4984-9c93-44b8-9758-11a8d11099a6,Joanie,Gwilliams,18,3,03/13/2021
46bca537-3212-4bf9-8e7e-720c6028da55,Hamnet,Hurd,5,5,02/20/2021
0f14d98d-91d4-4004-bf15-f9665a9434e9,Miof mela,Sinnott,12,4,10/24/2021
f10cf15b-7d0e-475a-a8ed-d499f960955d,Rana,Cinderey,4,4,03/12/2021
9964a9a2-8db9-4fb6-920a-0386582bfb7a,Clarita,Hotton,19,4,02/22/2021
a925d384-8b11-4d5a-b26b-9a59bb30869b,Edgar,Ruprecht,15,4,01/01/2021
047c0991-9ccc-45d6-9962-bedfb0815c0f,Tadeas,Swannick,15,4,04/20/2021
6193561f-0505-4d9f-8fe4-24ad09c9e53c,Udall,Corrett,3,2,04/30/2021
5da77efe-676d-41ba-841e-e504eb840846,Penn,Alsopp,17,3,02/24/2022
8f54efe0-ce32-4424-b03f-d6d13b2bacdb,Teodora,Nail,23,5,11/14/2021
6368fbea-4d60-439b-8dad-aad9c110269c,Barb,Huckleby,23,1,06/18/2021
95f7e544-0466-41bf-afd9-2b66e770fca0,Kalila,O'Lunny,2,3,01/12/2022
5b3c79c1-a4ac-4afa-a455-4a811df38940,Emylee,Buncom,1,3,05/05/2022
ce0e9083-ddc2-4f84-82b7-09fe1bc0023c,Linnet,Vallender,1,1,07/05/2021
075d981b-67d9-408b-b7bf-b679ab73a775,Titos,Russell,2,2,05/15/2021
43848482-4a96-4605-81c0-151715df8ffe,Baxter,Ciccerale,20,3,11/12/2021
02332817-e65c-4d2f-af8c-b931940f9c88,Emalia,Brockett,7,3,02/02/2021
d6365bd2-995c-4f0a-9e35-72f870133915,Elmore,Edridge,3,5,05/19/2021
b46bcd87-7bc6-47ca-9fb3-f02b199f41a0,Adeline,Bussons,9,1,02/15/2021
76e92482-4d06-4d24-bc43-6e8f88bb3478,Erminie,Hillaby,19,2,01/31/2022
aebc207f-832c-4b64-9213-34e6081c97b2,Othello,Atcherley,17,3,04/11/2022
be4f3a7e-414c-4b8b-96d3-dfedf65243da,Nico,Walpole,25,1,03/26/2021
925e3559-ce50-420c-a44c-3e7fe8579575,Marquita,Hendron,14,1,03/18/2022
c8b30ac7-6745-4e50-80a6-2e2eba0e43cf,Nelli,Klimashevich,22,2,12/08/2021
67f6f352-4728-4228-8027-ad17a7680632,Davina,Vakhrushin,11,3,01/29/2021
95a7a3ef-16d1-4c8a-ba13-881e2aa9d62c,Britney,Milstead,3,5,10/06/2021
032f29d8-f96e-4c6f-9720-866bbcb2f49a,Silvio,Beynkn,20,5,04/19/2021
712c0e6b-43ed-4424-910c-61e8249a5d16,Zandra,Crowdace,14,2,09/18/2021
88c13b90-d74e-40f4-9fe9-fe5872a78c41,Dion,Levesque,18,5,04/26/2022
5c48b090-730b-405d-8948-6890bd22ab5c,Denys,Broxholme,16,5,07/13/2021
ce433a79-8b6f-4907-b466-b5b1665d86f1,Dora,Hayter,2,4,08/20/2021
ced3b543-7a84-4f59-a4d4-2284e4893f7f,Kittie,Fronek,1,5,12/17/2021
41e645d2-6729-4ffb-a8d8-17dfba4ba347,Larry,Mushrow,19,1,09/04/2021
828c1036-fc17-444c-86bc-6de263909080,Linnell,Lacotte,18,2,11/20/2021
67dd44d2-15f5-47e8-9ca1-a40b539eebcc,Edita,Hobbema,3,2,01/04/2022
c576f8e1-5c38-464f-8bb9-b67f389afaca,Dorelia,De la Yglesia,13,1,05/02/2022
214100d7-811f-4714-9902-25f2621434da,Beulah,Saiens,20,5,01/26/2021
d8118bbf-17db-47db-ad75-979865def833,Royal,Levesque,3,1,10/28/2021
729d8d00-11d3-48b1-be56-8f7b0067d756,Paulita,Dirr,21,4,12/13/2021
3ae9be7a-9ac2-4db9-bbfc-1ec648ef7668,Dorthy,Hatliff,23,5,05/23/2021
c596f480-c1da-4886-8ced-e731abe7750d,Annadiana,Milligan,2,5,12/09/2021
cbef206c-0e0f-4303-87c0-d18646525b10,Immanuel,Bolderson,19,3,02/14/2022
e5ce28ef-fe99-4837-b991-352e3b0ff55d,Patrizia,Style,18,3,03/14/2021
c9a1405e-0f1f-4e3f-bed2-2c6456d55c00,Isabelita,Judson,2,4,10/27/2021
8d20816f-6d92-4de8-b2a8-a96c8a1e13c9,Lauraine,Konertz,13,3,04/28/2021
44c66c53-3b09-424a-815a-371be3870f44,Leland,Amiranda,8,1,12/22/2021
817b4c65-b0a3-404d-986a-e7d4eee1c902,Terrence,Boulde,21,1,03/07/2021
a32c4d3c-ae48-4e94-8b25-d1802a7b45a4,Zarah,Weatherell,3,5,05/08/2022
c43b240d-67b5-4c44-8b18-b45e0f11bb47,Carlin,Haitlie,10,4,02/12/2022
4d40f741-170c-4c2e-b4e4-683d3369a93d,Gerty,Anney,17,3,07/09/2021
e5aa70fc-b8d4-4101-bd88-12c0d663abc5,Daphne,Goggey,21,4,03/29/2022
ef8a56eb-bce5-40c2-b975-7f56ccfbf449,Nara,Annetts,24,5,05/17/2021
6cb1b6db-7b81-476b-892e-c6042592e801,Fidelity,Domm,22,5,11/13/2021
a194cbc9-9c0f-470c-9b95-a1c3c5da6e96,Salim,Erskine,5,5,09/30/2021
13e56955-9261-4dc1-94f4-151ac01d0aba,Leona,Sallery,18,2,10/01/2021
563acdc4-a555-44c9-851d-c742a3bb2eb7,Hill,Stalf,12,1,03/15/2022
304f63ac-a1a2-4ab2-b73f-19ff52fb5e7b,Toni,Minett,15,5,04/18/2022
c09aef53-b29c-4f94-8641-f5134ab4466e,Findley,Gummoe,8,1,03/07/2021
305a5626-002c-4582-97bc-cc09d7a2476a,Carr,Mersh,10,2,01/26/2021
a09e261a-5ddf-4716-a217-7b900805bec7,Danny,Busch,23,5,01/23/2022
57014ca5-c7ae-4a4b-931e-a8db774bdd5b,Robinetta,Willars,12,5,07/28/2021
66da292c-53a2-42bb-b34d-1f659306e362,Brendon,Longo,4,4,08/26/2021
f91996e6-412f-4c19-b3dc-a987d6b87245,Weylin,Ibotson,5,4,02/19/2021
67301fa2-5915-4a71-86f0-e63c463948bc,Darnell,Coyte,21,2,03/09/2021
8dfd0b12-e77c-4299-ac5d-ee7ad181a316,Sybilla,Strafen,16,4,01/24/2021
0ba9d8b3-ee08-4bff-826c-c5633591d02b,Werner,Gillman,22,3,02/13/2022
51bc8391-61e9-4f6b-be5c-2fc0a25c3da7,Olwen,Halpeine,25,4,05/05/2021
f60c81b2-12c2-40d5-acd0-6d1d788c88c5,Leroi,Brailey,7,3,10/07/2021
12b121a0-0a67-47a3-9c9f-5bb09d5731f1,Rochell,Frondt,5,4,03/05/2022
e1c832f5-f952-4431-b1a3-7bbd9692c27e,Jackqueline,Riseborough,25,5,02/02/2021
3e7b063e-3f68-493b-b023-bf773f6d9e2a,Marni,Grinsdale,17,4,03/31/2022
1f2c3d33-006a-4d7f-ad94-3c231878ecf8,Milzie,Bette,12,5,04/25/2021
c623d718-c402-445e-966d-65b54a4f3b2f,Johny,Bangiard,24,2,10/21/2021
cd7f188d-0eac-4f9f-8f84-bc18f215fc86,Fabian,Hayer,3,1,03/03/2021
13082a70-08f8-4f37-a554-aab73ce5c65b,Leland,Ranald,15,1,04/21/2022
d887f091-236e-4043-a07e-410318846ef6,Ellene,Mealand,12,5,08/07/2021
7f35a051-3d0a-4c0f-996f-0a73fe4aa88c,Ruth,Wharfe,13,2,05/03/2022
5849a3d1-73a8-4653-9b99-2a5aa0b37a4d,Riobard,Arkin,17,5,09/23/2021
7a5978dd-22ce-441a-8126-d792012b04fa,Tome,Pieters,23,3,04/21/2022
7df5678f-12d8-41b9-a3f1-1e4831cab25a,Gabey,Levecque,7,4,01/11/2022
2c7f6d41-729a-4bf1-92fe-cb4141f75159,Monty,Campaigne,15,3,04/08/2021
54c2cac9-e4db-47c9-b3db-36d6a54004b2,Herb,Dinnis,1,3,02/17/2022
95e49853-9d99-43be-bbb7-cf2f164cf72d,Land,Hartshorne,2,4,03/07/2022
a81cf944-7d09-49a0-9d25-c013e813f87a,Sonny,Camilleri,13,3,03/18/2021
a49a4608-2828-4296-8054-f57f83dd1d55,Celinda,Kerley,13,1,11/20/2021
4d6dbfce-fd67-4a99-b60b-7d8ed5621bf7,Lorry,Shrimptone,11,3,09/22/2021
990ad550-1894-4338-adf7-332a92529960,Bernard,Beastall,20,5,09/14/2021
636bb4e7-8a29-4f42-b373-7311b980c541,Rania,Jaram,14,4,04/03/2022
e6412320-78a5-4ce2-893d-3f97a88bdcb8,Micheil,Vlasov,13,4,04/02/2021
902e7ff7-c042-445c-b03b-d5f5b02d83a4,Papagena,Mundford,1,2,06/24/2021
5fa9ecf4-3c3c-42a2-8479-f95429c85b62,Cathlene,Insole,4,4,08/08/2021
1e7bc3b1-c549-4c3e-b365-bf7a0062672a,Alisander,Rigg,21,5,03/04/2021
2ce4f14d-61a3-41c1-bb86-83edd5236019,Edgar,Casterton,12,5,07/18/2021
676c4e3e-4081-4320-9c92-67030562a51c,Rickert,Okenden,12,3,04/24/2021
c9a5d9e5-d204-41ae-b997-ddf70ecab598,Bibby,MacQuarrie,22,2,12/07/2021
90847e4e-20d9-4a13-bc5d-59d37cb05ef5,Lois,Sarll,3,1,02/18/2022
5a70e38d-d999-4710-874b-9ec3f0adba44,Glyn,Aldin,12,5,06/15/2021
182c7197-7db6-415c-a1d5-f4d9381ce023,Rana,D'Costa,20,5,06/18/2021
ad9e8bd5-5228-4797-97f0-8dde6a14d802,Michele,Immer,2,3,05/16/2021
242db066-8e04-4886-9393-ffa048c0ff71,Milissent,Pizer,4,4,05/13/2021
3238fe12-c42c-458f-a7ff-c70f489f8dc9,Florina,Roggero,12,4,02/20/2021
eb9f7ada-9042-4c46-b099-edbbf31627f3,Charmane,Tritton,7,4,04/06/2022
8853d7a3-d22a-4f72-a6ec-ae02fff70788,Ileana,Romaine,9,3,06/14/2021
32d96ca0-09dd-4c6f-8815-0614ed6fe7f2,Duffy,Sandwich,22,1,12/06/2021
a04857b7-8649-4ffa-b23d-93d7e8678678,Saraann,Babber,25,4,03/19/2021
9695c78e-6645-498d-ace5-d6d4470184ca,Doretta,Iacomo,10,2,04/01/2021
a21d7044-4829-4389-91b9-22ead13ca06b,Aluino,Cantle,1,2,01/27/2021
0760e723-f728-49bc-8044-27fbd3c5acc6,Roxane,Baiyle,21,4,01/04/2022
51daa9f3-cefd-4e0b-b19f-cd15c16398e5,Enrichetta,Ladley,16,3,01/20/2022
9025db31-a1fd-452a-94b4-968582a1ce6e,Darb,Pickle,1,3,04/06/2022
6e5e6e6d-c879-48ef-b8cd-9455e2bf2d08,Jedediah,McCanny,12,4,10/01/2021
e6532332-e217-4868-9f83-c7ed2ed293fa,Denyse,Latore,17,5,10/22/2021
f485256f-afe6-4ba8-95e9-43ca6216043d,Wallache,Shenton,4,4,07/23/2021
cdc20672-7026-4874-ad1b-29e2563a76ff,Elena,Phin,12,5,01/04/2022
92f10547-495d-4e17-b79b-74b5606f8a97,Whitaker,Glaysher,19,2,06/02/2022
f78277fe-232f-4fc5-8875-7e5fb2429ea2,Vicky,Olliver,18,3,03/26/2021
81a1f202-d2a8-4720-9889-6e7ec2c19493,Justin,Ridolfi,9,5,06/17/2021
942a4822-f046-46f2-ae8b-d5f8b25f8587,Tessy,Murfett,16,5,01/06/2022
8e9c1542-647f-479d-a746-732a48bf5bf9,Skip,Pinsent,21,3,03/04/2022
e0f0495f-5587-4e11-a4ad-9c7f358fa668,Adelle,Tickle,10,4,12/10/2021
fc599d0b-261d-4eeb-aaa9-57b396950671,Camile,Lambert-Ciorwyn,13,3,04/14/2022
75f26437-165d-4641-831c-d566e6dcef6e,Doll,Pashe,7,2,06/03/2021
bc351bd8-a9b8-4f77-860e-9acd83c480e7,Colas,Keyson,23,3,02/25/2022
9d0f1a03-fdda-47ea-ab32-806fd64ad0dd,Giorgia,Fearnley,15,2,08/09/2021
64754fa2-cc94-4729-b914-5dfdb05b4c82,Ammamaria,MacCaughan,9,5,09/11/2021
5caf2f3d-17a3-4250-8f4e-b540d76e2a7a,Sonny,Lune,19,3,01/19/2021
37706aa2-2773-4d22-bf83-c798aa2a0788,Dreddy,Laugheran,9,4,06/04/2022
7227829c-5b85-41eb-b7b0-3c66afda0446,Domini,Westman,6,1,04/10/2022
2d7cde04-d6e0-4386-8688-b6eae5f55306,Gwen,Ducker,17,5,03/16/2021
f553792d-f4e8-4bf8-a5a7-69978a49bbe2,Ginevra,Maisey,20,2,03/25/2021
74ed2f32-6da4-4f30-9360-35a761cd75c7,Donovan,Bithell,13,1,02/14/2021
08c9ea06-2ec1-4bce-8349-b02dbbf14e33,Ashley,Douse,14,4,05/16/2022
41612799-c202-46b0-acaf-84ea2f209a31,Perice,Lejeune,20,3,12/06/2021
7eb2bc58-b8fe-47f0-936e-eed862d25b90,Carola,Bramsen,22,4,02/23/2022
55d81fbb-1803-4e22-b6c9-860803a6bd8b,Faythe,McDermid,23,3,12/09/2021
da805cc9-28b7-48d2-9ac5-6e797843b61e,Ned,Still,21,3,12/04/2021
27b7a1a7-d239-4d48-8c31-ceb9b35c0b90,Rycca,Toderini,15,4,06/11/2021
a1b67dbf-33a3-4d1c-a4fe-b793c345d293,Lammond,Quarton,17,4,03/22/2022
42f559ab-d7f4-415d-a99b-09ccd21c2805,Theodosia,McNirlan,11,1,07/12/2021
5ed59c46-6da4-4575-9d10-399eaaeba38a,Lowe,Batcheldor,16,4,10/27/2021
a9d5f39c-b2d0-4f89-886a-a7313347f161,Terry,Fallowfield,23,4,12/30/2021
25641f58-0f80-4922-8eba-dc9071066a1c,Amery,Carine,3,3,10/26/2021
3ca1ddd5-acec-46ea-a75c-7fb970839c02,Danya,Kyffin,22,3,04/08/2022
0d236600-7ef2-4e87-8353-53416b064f83,Pepillo,Windless,13,3,01/15/2021
73627498-dbe3-4797-a225-3d6b7d64fb48,Roger,Hubbuck,11,1,09/08/2021
4e34905a-fbe2-46c6-9f07-df63e6038ca4,Gan,Ablott,9,3,03/03/2021
c9900d41-695d-4c6b-b74a-e2c82983556a,Rozella,Riehm,23,2,02/22/2021
1be0b0eb-5342-45ff-a74e-8d63113fcee3,Anne-marie,Waight,21,3,03/26/2022
62b789cb-09e7-483a-a996-7b601a544344,Gussi,Rupke,22,4,05/22/2021
527b7d4f-90f6-4ee8-97c1-d54f15604fa0,Shina,Fairhead,5,2,04/13/2022
86731678-602e-4316-b99a-65cdec6c61fb,Tully,Shalliker,24,5,05/23/2021
f236ee02-cb30-4ddb-8e04-d1685e7853d3,Teodora,Wrintmore,7,3,03/12/2021
638cdae7-62e5-4905-b1a1-0a80049d08fa,Annadiane,Rosson,4,1,06/30/2021
f4a12e14-123b-4520-b853-8cbccc3b587f,Ellene,Beccles,19,1,10/07/2021
b5dae97f-4dd9-4b4c-84ba-5fdba4992524,Mattias,O' Hanvey,4,2,12/21/2021
14d74c8b-dfc4-4259-9df3-d6272d9668b4,Nanine,Bows,23,2,03/29/2022
128cc798-5468-45be-b5b7-e0f741dc4e53,Elspeth,Hayman,12,3,06/10/2022
b8a03710-8427-469f-a8bf-0449ccbe37fb,Dimitri,Evershed,17,1,10/20/2021
87e8a3ad-0a2e-4c33-b93c-e975ff8ca2e0,Demetrius,Kipping,12,4,03/26/2021
9cee9e9c-08ab-47f2-bfa3-edde9dba89aa,Keefer,Colly,9,4,03/01/2021
7862d976-a693-48b0-a5df-ff542cb60c8d,Nanete,Mulhall,14,4,12/18/2021
27196bcc-0e31-4a5f-83ee-31cb85091814,Arielle,Lessmare,16,5,10/05/2021
236f1170-804e-471b-835e-2a0b8464b703,Lance,Vamplus,3,4,01/11/2021
f276f603-1ddb-46fd-861e-3554420f1005,Max,Kleinmintz,23,1,07/16/2021
abd6dc9f-9709-4a4e-b13d-b9d5e8690947,Archibald,Kaaskooper,16,5,09/14/2021
e68f87df-5be5-41c4-a5ab-62bf2de7a900,Zebulon,Mundford,15,5,04/20/2022
f12ba790-447a-4e21-8d0c-52a48152c5d7,Cirilo,Wewell,10,5,06/02/2022
9956ae10-8607-4fc7-a37d-d2bda412f28e,Julius,Atkins,5,1,08/25/2021
13ca001b-8092-4d43-9139-bbee21a49431,Erskine,Rainger,5,2,03/17/2022
a22457c6-63a9-4db1-8b76-07022fb594ea,Sharity,Scroyton,4,4,05/22/2022
4181ff88-1f74-458a-9891-e33ca8543558,Josselyn,Drogan,16,5,09/04/2021
cdcc5344-2b30-4a94-880a-0d132ebdba73,Rori,Craft,25,2,08/22/2021
4ad07b97-ea09-4f91-a31d-2e76337b4c74,Lemuel,Gooder,25,3,02/01/2022
31b9dd84-086e-449d-ac80-927d68590c64,Silva,Shreeves,14,5,02/09/2022
fc031351-5c5c-47d6-939f-b8b2fa258fc7,Marya,Yerlett,15,2,04/14/2022
d86f913f-7c52-49ca-b490-fc1b04c69aa6,Krysta,Brockie,9,4,05/01/2022
21be4710-c485-4025-9d85-e6d9a0c91fbf,Sidoney,Dolder,14,3,04/07/2021
ab97e763-0740-46fe-adff-79b22e5c5b3a,Misty,Bardwall,19,2,07/13/2021
3553b611-c007-4154-bf3d-f3c3f123fec5,Dory,Snaddin,17,3,06/26/2021
0086dcbc-2494-4d27-85fe-a0140c6bfc37,Sheff,Inkpen,16,2,09/26/2021
9a7c0dbe-eb3c-41e4-b38c-c8f6fc689197,Koral,Toy,12,3,01/05/2022
331df4b3-9af7-4518-a4c9-043d9997d718,Noel,Coaker,14,5,06/04/2021
b3ddecf7-130d-456b-ac9f-8aed795e890b,Bess,Godlee,24,4,02/11/2022
66d70a9e-b45e-481f-a9dd-9d0439b1bc5a,Justen,Whittlesea,20,1,11/12/2021
fffc77c0-50c3-42eb-8cc9-b31009df8d1c,Farand,McAirt,3,4,01/23/2021
0de5a548-dcfb-4970-b5a4-aa319e465a01,Evaleen,Worsalls,4,1,03/01/2022
3c2b15e1-0da7-45ba-826e-a35c42c9f6ea,Kerrill,Bever,5,5,03/23/2022
cad370cb-d3bd-4ed4-8c4d-3397aaadfd08,Elden,Webermann,22,2,02/02/2022
fe5c7f0f-9b3c-4843-924f-5d1584f97f9c,Mufi,Hammerich,8,5,02/06/2022
f6169b60-72dd-408b-8d46-04494d3e135c,Gan,Cleaveland,1,2,03/31/2021
4775c507-451a-4772-847a-c4b6db4da2fd,Angelika,Di Franceschi,14,5,01/20/2021
bf7e3207-6e91-4d6f-b2b3-141da529cdda,Leanora,Bengle,15,5,09/16/2021
73f94f79-12c5-4828-8117-a827666e6d94,Barrie,Vatcher,17,4,06/07/2021
25594870-e421-4caf-ad01-cca81186ab38,Aura,Waiton,15,3,06/07/2021
288a23c2-5bd2-4317-9146-0f57af747beb,Laura,Rohlfs,21,3,04/06/2021
bd99215e-7dde-4cbe-9456-05ad07a76a7b,Winfield,McMakin,25,4,03/23/2022
55a2c7ba-27b9-4ec1-82e6-2d1c0fb18030,Bayard,Gert,10,2,08/22/2021
6a0b170e-3a24-4677-93fb-94b92081b893,Ronalda,Pedro,25,1,01/25/2022
77e111b4-9676-40ec-b937-926745f7c96c,Burton,Newland,10,3,12/04/2021
07978bbe-ef9b-40c6-b303-5421e2dd75f5,Daryn,Ellinor,25,1,09/02/2021
b0b89a71-d742-43e8-b08e-b83b87111e32,Hymie,Gjerde,18,2,08/12/2021
dee26bd8-0a7e-42b7-a8a0-3bc0a5d8ea9d,Maximilien,Danher,2,4,04/23/2022
bc149a64-b2dc-43c2-9ae1-e5da0aa05ea2,Rozanna,Grabham,21,2,01/05/2022
8c6ca571-16f0-4d7a-a4e7-663c3a3441d8,Letisha,De la Feld,20,4,06/13/2021
460e78e4-f4cb-4223-9e78-461b559460bb,Min,Andrivel,19,5,05/08/2022
26510673-5c35-417a-816d-f1f973d47150,Vittorio,Twinborne,7,1,02/04/2021
a047a352-a132-492a-9136-78f01edbcc8b,Tim,O'Corr,4,4,08/24/2021
c6a2b764-95bb-47d5-9d7c-f56834a90559,Bobbi,Feldman,15,4,12/03/2021
2a00aed3-54d1-4edd-951e-8b95005f5a68,Oliviero,Haggett,4,5,01/25/2021
61f5da63-be79-407f-a6cc-08c55b88e74f,Lek,Brattan,25,1,08/20/2021
f8432ffc-f6bb-41c6-b4af-2a8451adb6a2,Yank,McAvaddy,13,5,01/09/2021
47f19e77-3ea6-41ed-89ab-9402d01e4717,Helena,Niven,2,5,02/01/2021
cebeffe9-d84f-4dca-8a0b-64aa774f89e9,Gracie,Gater,15,2,04/21/2021
13cdec5e-f49b-443b-bfaa-378bb21d8564,Jennilee,Swannick,4,1,01/27/2022
3114641c-5fa5-4959-a374-c0980dc70f5a,Byrann,Spark,1,5,07/16/2021
e2f56380-7ceb-4c64-84e4-1834ea3f5f82,Kati,Endrighi,24,2,01/16/2022
fea1cc14-80a7-479d-9fef-26b4991d394e,Dayna,Taylder,18,2,02/01/2021
cae302dd-9583-4ec1-92d3-bdb70969597e,Brier,Lindegard,25,2,06/11/2021
9eaf8c7d-887d-4ee7-a161-9c7f42af7c26,Bab,Wileman,1,1,02/06/2022
490211ad-14eb-4b52-8a32-16ddfca2ce00,Bradan,Wakely,8,2,07/21/2021
98c474db-cabd-48f8-b9f1-65f5464432d8,Filippa,Croan,11,2,04/13/2021
4321ad72-fac4-46ad-9a66-f1daec8d99e7,Doloritas,McNeish,18,5,03/02/2022
4d874f5a-21c2-440c-9fab-167959b220ab,Amby,Herrema,5,4,03/30/2021
8684169b-3442-4b53-bce7-fbe5569a8c2b,Torie,Mathieu,25,3,01/26/2021
514a3ed2-09ad-4202-ad28-5de58e8608a8,Noelle,Easey,3,2,06/24/2021
35216437-3d93-4b6b-bf34-95b180f75412,Jayne,Druitt,5,4,06/10/2022
38b1690a-f2f9-4116-9817-7c0ea0fbc6d3,Lanie,Scripture,16,3,06/16/2021
e7a14a2c-1693-4c6d-83f0-b2ce8b453283,Aloise,Cammack,18,4,01/02/2022
da4c35a5-79cb-4a05-ae30-cfb364bdb04b,Riva,Ormesher,2,5,08/29/2021
8eee99d0-9050-4279-bac8-7bf6c2e2593d,Tarrah,Allan,17,4,03/24/2021
aa2bfab9-cc99-47db-a2ae-c54a138be194,Evangelia,Bockin,11,5,03/03/2021
639fb844-f95d-4525-ac9f-b188e710e465,Corey,Garrattley,19,5,03/12/2021
8ffcf38c-3339-4fd2-9abe-19b6ce90e386,Tara,Aitcheson,20,1,02/10/2021
376ee296-2d7a-4100-8461-74b4c57e1c6e,Modestine,Davsley,24,4,12/07/2021
97b27331-cb99-48d3-8ca4-691654f68b19,Rheba,Mowday,3,5,01/13/2021
53d8bfd7-cac0-4027-9de4-c3acfe99cb8e,Alia,Antoney,4,3,01/23/2021
5b82669c-9b88-44e6-8a81-412a356c38ad,Valentino,D'Angeli,10,3,11/18/2021
03db5ee3-e043-48c3-814a-c9590a79217e,Manfred,Godbert,25,3,02/12/2022
530bd03b-5710-41fc-ac6b-148436bb35c6,Cchaddie,Hemphrey,19,3,02/06/2022
2e282972-afe7-4903-a632-6afad5c6ab8a,Alphonse,Machin,23,5,06/24/2021
d720c822-0cf2-4742-b8a0-e523161eb52b,Angie,De la Yglesia,3,1,03/27/2021
bea772c7-43b1-4d0e-9314-da122f0ea183,Natalee,Crisford,20,2,03/28/2021
3c7c7836-ca5e-446b-b754-f249a39f9b38,Wendeline,Maw,10,5,04/25/2022
9b4fe4bd-e736-493a-baa0-d766672c794f,Bern,Bonifacio,14,2,03/15/2022
2b01ff22-9aea-4ec9-b8c4-f19468d05f90,Farand,Sitlinton,10,4,02/06/2021
d11f5130-d10d-4cbc-b13d-0a27efde463e,Beatrisa,Boxen,6,4,03/31/2022
f3b13eef-46c1-47a1-9afb-f96339a0fbcb,Ailene,Blackater,20,5,12/12/2021
3516c7a2-630c-4622-a2ef-397af05165e8,Jaquenetta,Hainsworth,1,4,05/18/2021
ad0bf16b-fae4-4378-8feb-849187fedb6b,Carol-jean,Trevance,18,2,05/07/2021
ae997e51-4c50-43ee-9ccd-1162b6b6de45,Phoebe,Lorens,6,5,11/03/2021
2d0fc6e7-132d-4f7a-b268-83a920459c9a,Sophie,Radborne,6,4,06/07/2022
431c06bd-041f-40cc-8d14-665c378d303b,Concettina,Innocenti,9,5,11/29/2021
a4a439f6-1f1e-4e87-b8fa-dd5d3f9d9840,Carter,Stack,7,3,01/16/2021
1ca89ef2-a9f4-43b3-be7a-4e5d0283caa5,Lian,Gianetti,8,1,06/07/2021
9d3b71dd-7879-46c1-910a-5cd5ea35d2a0,Alina,Spera,4,4,05/27/2021
a326062d-6dff-44ef-8a35-a8eb699cc637,Dominique,Cardinale,18,5,05/21/2022
6329ae6a-dbc4-48bb-ab92-dc84950a8635,Isis,Bruhnsen,23,4,03/25/2022
d004ed6d-2ab2-4458-9665-2ede788d60ce,Steffi,Postles,17,2,01/26/2022
fd728113-2dc2-4243-926a-0220cf472e5b,Avivah,Greir,8,2,05/02/2022
e5b1ae78-37b4-4de8-84dd-c61bbc643635,Radcliffe,Wheelband,3,2,09/26/2021
79cf8db1-d12f-4e5c-b9ae-629d0a163c01,Gwenny,Kneaphsey,25,3,11/22/2021
dfdf9663-5acb-4bcd-9790-bc5adf4689a5,Harry,Eagle,11,5,06/10/2021
c21dacd9-2243-4ac2-8db0-3ee27f47551b,Fred,Fridd,20,3,03/17/2022
dba5533d-4d03-4bb0-beb0-b76c0d7668b0,Roger,Boulde,1,4,10/12/2021
813e1fe4-091d-44e3-a31c-927e36095fd3,Clareta,Di Frisco,24,3,10/09/2021
5e2ca793-3e0e-4283-8ef5-ac4640c551e9,Andree,Veljes,1,3,03/01/2022
c6625507-e9db-481d-aa7c-4721d01b2e07,Gray,Tomaszek,2,2,12/17/2021
339fcd71-d55a-4f2b-80ef-67f73a316b5f,Garrard,Hazelton,24,4,09/27/2021
2e82cc44-4b62-4b52-98e8-e40879d43f0c,Lelia,Ponde,19,2,03/29/2021
15c3ac3e-6ee8-467f-a38f-a95e36a8f4e3,Corie,Faldoe,2,2,05/20/2022
9f2a1bd3-71e4-4dbf-a5e9-3afff4dc5fd0,Tomkin,Plumbley,10,3,03/19/2022
1003e1ce-0456-4ae3-ae24-e22c6fe11cca,Gayla,Blinkhorn,14,5,11/12/2021
dfeb940b-08c3-4472-8c39-270111ed0fa2,Sheelagh,Hugle,24,1,08/07/2021
3e6ecea4-dccc-46a4-b99c-b43f48055dbd,Vladimir,Coombes,15,5,11/14/2021
80ad6642-bc18-4c3f-a103-94cbe98814a2,Trenton,Eustanch,11,3,03/14/2022
e0203b63-3c72-4b83-bf1a-bdcf1411af10,Arleen,Lyburn,1,1,01/10/2021
73a00b26-e9ee-4081-8ff9-02c7aabe5615,Tommie,Christensen,20,5,10/03/2021
9272b427-1bf6-49ad-b73b-eb915d245af1,Ewell,Raithmill,19,5,02/20/2021
33dcb650-5e66-486f-a88c-56da3bcc73bf,Hilde,Rein,19,1,09/01/2021
cb4bbdc8-8d49-4e3b-b6a4-a680f0255389,Lacey,MacAlester,8,5,11/12/2021
889ea9f3-9c3e-4d28-882f-55b70db0802e,Lisette,Fuzzens,11,2,07/21/2021
5f13a831-9938-4aa5-bf89-4d16bbdd4d48,Cristabel,De Michele,10,5,02/22/2022
d0a397ce-9966-46c5-ad7c-885180f60a99,Arnaldo,Faulkes,12,2,01/11/2022
6ab2a88d-d4d3-4bc6-8d14-c82f4531cb07,Lynda,Pietz,15,3,08/01/2021
e9a3b5ba-f0f5-4f13-a90f-4e1bd8831aa7,Ignacius,Lowdiane,18,3,05/30/2021
25a90862-5cfa-4472-9b4f-de3e15b14e3b,Calley,Gozard,4,2,06/22/2021
87dca3be-ec1a-48aa-9751-beb86622ae3f,Beltran,Bazeley,25,2,02/27/2021
3bf61c46-fbb4-425d-8877-954a850160ef,Leontine,Lemoir,17,2,05/15/2022
0179da2c-7167-4dda-bd5e-7f0e76b39850,Martina,Hills,2,1,05/26/2022
c20ab2b8-4d86-40de-8eb1-d537b5e4a1a2,Orbadiah,Beckson,17,4,09/26/2021
7d1c144b-7e32-4f99-abaf-68538c3c886d,Siusan,Folbig,24,5,08/21/2021
4fa49089-e6f1-42ee-a86c-dfc1cdb8ecff,Rhiamon,Swalwell,12,5,04/17/2021
50ca9696-ecb7-4774-8dc1-cb00d9cdba4a,Karisa,Craddy,2,1,03/09/2021
7966d79c-3896-4773-9047-8d61106d7a6d,Devonne,Santello,3,4,06/30/2021
22dbc344-15d6-444b-a2ee-ae0d17c3625e,Bord,Sayes,13,4,06/28/2021
a9a49ebc-9328-4d19-a556-184ad3e28c2f,Bili,Insoll,6,5,08/17/2021
541c4fe1-49e3-4326-ba2d-f7f3a59ddfee,Neilla,Kennicott,19,1,03/26/2021
35395a72-6a4d-496b-bb58-a8ff58da7a41,Bamby,Manterfield,25,3,07/10/2021
acd988a6-e4ab-4139-9b83-f35c0cb65d15,Seymour,Carvell,12,1,08/14/2021
912039c4-417a-4c60-9d78-ccba86c44c3f,Leon,de Chastelain,19,3,02/12/2022
81273ffa-9f40-4791-8020-2b845fd78500,Karon,Pattie,20,1,04/03/2021
f4a50cef-680e-4a09-9ddb-e2bc9f8e220b,Daron,Chiverstone,1,4,02/15/2022
d5897b8b-0d9b-45bf-85ed-a8999421c927,Roda,Tharme,12,4,05/21/2022
1d9ddff4-74db-477e-b43e-0d9684cc601c,Janina,Ibbitt,18,1,12/31/2021
92c81662-5df9-4e35-8b05-f22b94e7c3d3,Jesse,Ellwell,19,3,03/16/2021
83585aa3-1fbb-40ab-8ce4-61f812dd2885,Daffy,Prudham,12,4,07/20/2021
bcc89864-ad9c-4602-8f6a-11f1bd64e0d8,Giorgia,Turmell,14,4,08/05/2021
d203cfc3-407f-4553-b45c-32b52d9309f2,Auria,Capon,7,4,03/05/2021
afe3bd5a-9e95-4bc3-8b89-da8483ed34bb,Gilligan,Baker,8,4,03/07/2022
8ae1e831-1f54-4725-8166-1e205bdc499e,Chantal,Zanni,8,3,05/29/2021
66fae9ea-f845-4c21-873f-6c45a7ed66be,Robb,Godman,6,1,12/22/2021
d3fd4f4a-7038-4428-b681-9300a9279b01,Abby,Esslemont,14,5,05/21/2022
cfd9e8ee-e126-4cf7-b0c9-90d11db05b09,Ulrika,Izac,8,3,02/18/2021
b21dc840-b1bc-49b8-bd26-a7fe3974dc2f,Maurise,Mortell,13,3,04/12/2021
d396da28-1e22-453e-b583-b02275123941,Loretta,Jeanenet,11,4,05/18/2022
5ffae7db-e93b-44b7-b4f2-dd7d8aee0052,Talia,Evers,17,4,03/16/2021
05fe4638-4ac5-48c2-b46d-4a96380e37e0,Sybil,Jandel,16,5,08/04/2021
c137b806-364f-4fdb-b45d-47ddce26e4dc,Vita,Pheby,25,5,10/28/2021
be60450d-27ee-4e27-919a-189adbb5d595,Loydie,Blamphin,17,1,07/12/2021
b759b1f3-f26a-4d61-8512-ad7e6983f875,Brit,Flicker,24,1,05/04/2021
07930fea-6b4e-465c-886f-f1ea67dcf4d9,Rikki,Kneal,20,2,05/01/2022
93eba295-1d60-4b55-940b-b73ae2cf14ef,Celinka,Rex,18,4,12/03/2021
5e6111a8-17c8-4b98-92a2-79de3cf33d04,Dalt,Bridell,13,1,06/02/2022
e6a6493e-09b2-430f-9c62-31597929842c,Twila,Dodshon,24,5,05/29/2021
08356748-5b87-41af-94ef-7cdf909e5c81,Quincy,Stuchberry,23,3,05/06/2021
77f49eed-6b19-44f2-a750-2aa02ce85c44,Siffre,Liversage,7,2,01/02/2021
1c29c544-05c4-4e47-b58d-aed96ee2b6cd,Cart,Petranek,19,1,01/20/2021
4eb7c9c8-42dc-454c-9dc4-b24acd151f91,Carlotta,Greeves,8,3,05/20/2022
a1c8cb95-c92e-4cb7-a4b4-3a79738e6e3e,Lyndy,Anderbrugge,17,2,08/15/2021
b7d54742-5577-4d75-b30b-491407d62d90,Rubie,Rawsthorne,22,4,04/22/2022
a1a03b32-cf13-444e-864b-fe206fa92743,Bonni,Brickett,24,1,02/15/2021
c79c5cca-30bc-4674-9932-037ff72f4f9c,Benedicta,Dettmar,13,5,09/05/2021
7316fdad-acad-48c6-ace1-25b451a1d762,Leonerd,Nilges,19,4,05/10/2021
7c58219f-c932-4ed0-98bf-ba2070f7c6e8,Myrna,Copestick,14,1,10/27/2021
991bf892-1617-4462-8474-1ec2f816318c,Mable,Dongate,12,1,05/15/2021
9f675bb8-757d-465d-a2a3-3a85076c9488,Patrice,Selkirk,8,4,04/12/2022
cd2be0e1-8039-44cd-bfda-c43078b2d651,Donica,Davidy,9,3,08/13/2021
aa587479-f4d5-43e9-8723-de363619973f,Angelia,Kynastone,6,5,10/16/2021
a625fc7f-e973-491a-bc54-b80b2d457b47,Marnia,McAulay,12,5,12/21/2021
e70398cd-19e5-4815-9387-f6e8e96f30a7,Babbie,Double,10,3,10/02/2021
20312ba2-587e-4828-8893-b1efd2d832c4,Claire,Larrosa,17,3,04/29/2022
eba95abc-97aa-40fe-ae9d-c2318aa28804,Matthew,Savine,2,5,02/15/2022
dd0e4039-957d-42da-9d58-f7cd2a7155c4,Nikos,Frosch,11,1,11/07/2021
058680fb-1980-46a7-bee6-cc8526f13300,Ariella,Wharrier,23,2,06/26/2021
5339f4de-ed66-47a9-9c08-2e711ccd58d0,Basilius,Bowditch,2,2,02/14/2022
9ac270e1-6988-4894-a40a-0760ca0d90bb,Windy,Duligal,22,1,03/17/2021
d7fb8069-69ef-4335-b8cb-cc19b81ec672,Ruthie,Fake,19,1,04/25/2022
e9533e66-9eed-4779-b557-f69fcad594ce,Courtnay,Rosgen,18,2,10/06/2021
3ec01c5d-d014-4b8e-b4ea-3c0e2ed91c7f,Nelle,Revett,9,4,04/17/2022
131575c0-3ab6-4e7c-b665-5c900f0652d7,Blinny,McGinnell,17,2,07/22/2021
26d645bb-eb3c-4c14-9f26-791b37e60c05,Tobe,McGoon,16,1,03/15/2022
4ae542ae-d089-4322-b956-024450de8739,Sigfried,Elcum,6,2,07/23/2021
2399429a-e35f-4ee1-ae5a-8eb79429ee8f,Malynda,Hundey,3,1,12/29/2021
0c6c54a9-69f6-47b6-86e5-23952fd93353,Aldwin,Vinnick,14,4,11/21/2021
